ts,te,sa,da,pr,flg,sp,dp,td,ipkt,ibyt,bps,bpp,pps,flw,lbl
2015-11-24 14:01:33,2015-11-24 14:01:59,146.164.69.165,146.164.69.131,tcp,"[0, 1, 0, 0, 0, 1]",1,1,26,10292,140993848,43382722,109595,396,1,0
2015-11-24 14:01:33,2015-11-24 14:01:59,146.164.69.131,146.164.69.165,tcp,"[0, 1, 0, 0, 0, 1]",1,1,26,8870,859352,264416,775,341,1,0
2015-11-24 14:01:33,2015-11-24 14:01:48,146.164.69.225,146.164.69.255,udp,[0],1,1,15,9,522,278,464,1,1,0
2015-11-24 14:01:33,2015-11-24 14:01:43,146.164.69.225,224.0.0.252,udp,[0],6,1,10,12,384,307,256,1,6,0
2015-11-24 14:01:33,2015-11-24 14:01:43,fe80::1495:d348:7ce8:c904,ff02::1:3,udp,[0],6,1,10,12,384,307,256,1,6,0
2015-11-24 14:01:34,2015-11-24 14:01:59,146.164.69.165,200.237.192.15,tcp,"[0, 1, 0, 0, 0, 0]",1,1,25,88958,3274308,1047779,294,3558,1,0
2015-11-24 14:01:34,2015-11-24 14:01:59,200.237.192.15,146.164.69.165,tcp,"[0, 1, 0, 0, 0, 1]",1,1,25,135395,218044728,69774313,12883,5416,1,0
2015-11-24 14:01:34,2015-11-24 14:01:59,146.164.69.165,8.8.8.8,icmp,[0],1,1,25,26,1664,532,512,1,26,0
2015-11-24 14:01:34,2015-11-24 14:01:59,8.8.8.8,146.164.69.165,icmp,[0],1,1,25,25,1600,512,512,1,25,0
2015-11-24 14:01:38,2015-11-24 14:01:39,146.164.69.236,224.0.0.252,udp,[0],2,1,1,4,120,960,240,4,2,0
2015-11-24 14:01:38,2015-11-24 14:01:39,fe80::39d9:38e4:aea0:6cfd,ff02::1:3,udp,[0],2,1,1,4,120,960,240,4,2,0
2015-11-24 14:01:39,2015-11-24 14:01:39,146.164.69.208,255255255255,udp,[0],1,1,0,1,209,0,1672,0,1,0
2015-11-24 14:01:40,2015-11-24 14:01:56,146.164.69.165,173.194.27.74,tcp,"[0, 1, 0, 0, 0, 1]",1,1,16,831,30934,15467,298,52,1,0
2015-11-24 14:01:40,2015-11-24 14:01:56,173.194.27.74,146.164.69.165,tcp,"[0, 1, 0, 0, 0, 1]",1,1,16,1509,2373004,1186502,12581,94,1,0
2015-11-24 14:01:43,2015-11-24 14:01:44,146.164.69.236,146.164.69.255,udp,[0],1,1,1,3,174,1392,464,3,1,0
2015-11-24 14:01:44,2015-11-24 14:01:44,146.164.69.198,255255255255,udp,[0],1,1,0,1,209,0,1672,0,1,0
2015-11-24 14:01:46,2015-11-24 14:01:46,fe80::215:17ff:fec5:2974,ff02::1,nopr,[0],1,1,0,1,32,0,256,0,1,0
2015-11-24 14:01:46,2015-11-24 14:01:46,fe80::a62:66ff:fe99:c87f,ff02::1:ff2d:8231,nopr,[0],1,1,0,1,32,0,256,0,1,0
2015-11-24 14:01:46,2015-11-24 14:01:46,0.0.0.0,224.0.0.1,igmp,[0],1,1,0,1,8,0,64,0,1,0
2015-11-24 14:01:46,2015-11-24 14:01:46,fe80::21c:c0ff:feb0:195b,ff02::fb,nopr,[0],1,1,0,1,32,0,256,0,1,0
2015-11-24 14:01:46,2015-11-24 14:01:46,fe80::76d4:35ff:fefc:e38a,ff02::1:fffc:e38a,nopr,[0],1,1,0,1,32,0,256,0,1,0
2015-11-24 14:01:46,2015-11-24 14:01:46,146.164.69.236,239255255250,igmp,[0],1,1,0,1,8,0,64,0,1,0
2015-11-24 14:01:46,2015-11-24 14:01:46,fe80::39d9:38e4:aea0:6cfd,ff02::c,nopr,[0],1,1,0,1,32,0,256,0,1,0
2015-11-24 14:01:46,2015-11-24 14:01:46,fe80::39d9:38e4:aea0:6cfd,ff02::1:3,nopr,[0],1,1,0,1,32,0,256,0,1,0
2015-11-24 14:01:46,2015-11-24 14:01:46,fe80::39d9:38e4:aea0:6cfd,ff02::1:ffa0:6cfd,nopr,[0],1,1,0,1,32,0,256,0,1,0
2015-11-24 14:01:46,2015-11-24 14:01:46,fe80::7271:bcff:fedc:4df2,ff02::1:ffdc:4df2,nopr,[0],1,1,0,1,32,0,256,0,1,0
2015-11-24 14:01:46,2015-11-24 14:01:46,fe80::1495:d348:7ce8:c904,ff02::1:ffe8:c904,nopr,[0],1,1,0,1,32,0,256,0,1,0
2015-11-24 14:01:46,2015-11-24 14:01:46,fe80::e23f:49ff:fe7e:c00e,ff02::1:ff7e:c00e,nopr,[0],1,1,0,1,32,0,256,0,1,0
2015-11-24 14:01:46,2015-11-24 14:01:46,fe80::3a60:77ff:fe72:3bed,ff02::1:ff72:3bed,nopr,[0],1,1,0,1,32,0,256,0,1,0
2015-11-24 14:01:47,2015-11-24 14:01:47,fe80::3a60:77ff:feb5:4d5f,ff02::1:ffb5:4d5f,nopr,[0],1,1,0,1,32,0,256,0,1,0
2015-11-24 14:01:47,2015-11-24 14:01:47,fe80::a2b3:ccff:fea2:7225,ff02::2:902e:8cde,nopr,[0],1,1,0,1,32,0,256,0,1,0
2015-11-24 14:01:47,2015-11-24 14:01:47,fe80::a2b3:ccff:fea2:7225,ff02::1:ffa2:7225,nopr,[0],1,1,0,1,32,0,256,0,1,0
2015-11-24 14:01:47,2015-11-24 14:01:47,fe80::21c:c0ff:fecf:fda0,ff02::202,nopr,[0],1,1,0,1,32,0,256,0,1,0
2015-11-24 14:01:47,2015-11-24 14:01:47,fe80::21c:c0ff:fe8c:4dd8,ff02::1:ff8c:4dd8,nopr,[0],1,1,0,1,32,0,256,0,1,0
2015-11-24 14:01:47,2015-11-24 14:01:47,fe80::3a60:77ff:fe72:84e8,ff02::1:ff72:84e8,nopr,[0],1,1,0,1,32,0,256,0,1,0
2015-11-24 14:01:47,2015-11-24 14:01:47,fe80::3a60:77ff:fe60:6837,ff02::1:ff60:6837,nopr,[0],1,1,0,1,32,0,256,0,1,0
2015-11-24 14:01:47,2015-11-24 14:01:47,fe80::21c:c0ff:feb0:195b,ff02::1:ffb0:195b,nopr,[0],1,1,0,1,32,0,256,0,1,0
2015-11-24 14:01:47,2015-11-24 14:01:47,fe80::21c:c0ff:fe1b:458a,ff02::1:ff1b:458a,nopr,[0],1,1,0,1,32,0,256,0,1,0
2015-11-24 14:01:47,2015-11-24 14:01:47,fe80::21b:21ff:fe55:6281,ff02::1:ff55:6281,nopr,[0],1,1,0,1,32,0,256,0,1,0
2015-11-24 14:01:47,2015-11-24 14:01:47,fe80::21e:67ff:fe16:f7c6,ff02::1:ff16:f7c6,nopr,[0],1,1,0,1,32,0,256,0,1,0
2015-11-24 14:01:47,2015-11-24 14:01:47,fe80::21c:c0ff:feb0:1499,ff02::1:ffb0:1499,nopr,[0],1,1,0,1,32,0,256,0,1,0
2015-11-24 14:01:47,2015-11-24 14:01:47,fe80::3a60:77ff:fe72:669f,ff02::1:ff72:669f,nopr,[0],1,1,0,1,32,0,256,0,1,0
2015-11-24 14:01:47,2015-11-24 14:01:47,fe80::21c:c0ff:feb0:1cdf,ff02::1:ffb0:1cdf,nopr,[0],1,1,0,1,32,0,256,0,1,0
2015-11-24 14:01:47,2015-11-24 14:01:47,fe80::21c:c0ff:fecf:fda0,ff02::1:ffcf:fda0,nopr,[0],1,1,0,1,32,0,256,0,1,0
2015-11-24 14:01:47,2015-11-24 14:01:47,146.164.69.159,224.0.0.252,igmp,[0],1,1,0,1,8,0,64,0,1,0
2015-11-24 14:01:47,2015-11-24 14:01:47,fe80::e23f:49ff:fe7d:35c1,ff02::1:ff7d:35c1,nopr,[0],1,1,0,1,32,0,256,0,1,0
2015-11-24 14:01:48,2015-11-24 14:01:48,146.164.69.165,54.87.215.237,tcp,"[0, 1, 0, 0, 0, 0]",1,1,0,1,32,0,256,0,1,0
2015-11-24 14:01:49,2015-11-24 14:01:49,54.87.215.237,146.164.69.165,tcp,"[0, 1, 0, 0, 0, 0]",1,1,0,1,32,0,256,0,1,0
2015-11-24 14:01:49,2015-11-24 14:01:51,146.164.69.172,146.164.69.255,udp,[0],1,1,2,3,678,2712,1808,2,1,0
2015-11-24 14:01:49,2015-11-24 14:01:49,146.164.69.198,224.0.0.251,igmp,[0],1,1,0,1,8,0,64,0,1,0
2015-11-24 14:01:50,2015-11-24 14:01:50,146.164.69.159,224.0.1.60,igmp,[0],1,1,0,1,8,0,64,0,1,0
2015-11-24 14:01:50,2015-11-24 14:01:50,146.164.69.165,200.152.174.81,tcp,"[0, 1, 0, 1, 0, 0]",1,1,0,1,32,0,256,0,1,0
2015-11-24 14:01:50,2015-11-24 14:01:50,146.164.69.165,146.164.69.2,tcp,"[0, 2, 2, 1, 1, 2]",2,1,0,15,2412,0,1286,0,2,0
2015-11-24 14:01:50,2015-11-24 14:01:50,146.164.69.2,146.164.69.165,tcp,"[0, 2, 2, 1, 0, 2]",1,2,0,12,4877,0,3251,0,2,0
2015-11-24 14:01:50,2015-11-24 14:01:50,200.152.174.81,146.164.69.165,tcp,"[0, 1, 0, 0, 0, 0]",1,1,0,1,32,0,256,0,1,0
2015-11-24 14:01:54,2015-11-24 14:01:54,146.164.69.165,146.164.69.2,udp,[0],2,1,0,2,92,0,368,0,2,0
2015-11-24 14:01:54,2015-11-24 14:01:54,146.164.69.165,54235109192,tcp,"[0, 2, 2, 0, 0, 1]",2,1,0,12,2668,0,1779,0,2,0
2015-11-24 14:01:54,2015-11-24 14:01:54,146.164.69.2,146.164.69.165,udp,[0],1,2,0,2,808,0,3232,0,2,0
2015-11-24 14:01:54,2015-11-24 14:01:54,146.164.69.165,173.194.42.130,udp,[0],1,1,0,5,3325,0,5320,0,1,0
2015-11-24 14:01:54,2015-11-24 14:01:54,146.164.69.165,173.194.42.130,tcp,"[0, 1, 1, 0, 0, 1]",1,1,0,10,1244,0,995,0,1,0
2015-11-24 14:01:54,2015-11-24 14:01:54,173.194.42.130,146.164.69.165,tcp,"[0, 1, 1, 0, 0, 1]",1,1,0,8,560,0,560,0,1,0
2015-11-24 14:01:54,2015-11-24 14:01:54,173.194.42.130,146.164.69.165,udp,[0],1,1,0,4,3059,0,6118,0,1,0
2015-11-24 14:01:54,2015-11-24 14:01:54,54235109192,146.164.69.165,tcp,"[0, 2, 2, 0, 0, 1]",1,2,0,9,5603,0,4980,0,2,0
2015-11-24 14:01:57,2015-11-24 14:01:58,146.164.69.165,64233186102,udp,[0],1,1,1,7,1601,12808,1830,7,1,0
2015-11-24 14:01:57,2015-11-24 14:01:58,64233186102,146.164.69.165,udp,[0],1,1,1,7,426,3408,487,7,1,0
2015-11-24 14:02:00,2015-11-24 14:02:43,146.164.69.165,200.237.192.15,tcp,"[0, 1, 0, 0, 0, 0]",1,1,43,139896,5303880,986768,303,3253,1,0
2015-11-24 14:02:00,2015-11-24 14:02:43,200.237.192.15,146.164.69.165,tcp,"[0, 1, 0, 0, 0, 1]",1,1,43,214845,345337392,64248817,12859,4996,1,0
2015-11-24 14:02:00,2015-11-24 14:02:43,146.164.69.165,146.164.69.131,tcp,"[0, 1, 0, 0, 0, 1]",1,1,43,15448,317643508,59096467,164497,359,1,0
2015-11-24 14:02:00,2015-11-24 14:02:43,146.164.69.131,146.164.69.165,tcp,"[0, 1, 0, 0, 0, 1]",1,1,43,14021,768988,143068,439,326,1,0
2015-11-24 14:02:00,2015-11-24 14:02:39,146.164.69.165,54235109192,tcp,"[0, 2, 0, 0, 0, 1]",2,1,39,4,1770,363,3540,0,2,0
2015-11-24 14:02:00,2015-11-24 14:02:30,146.164.69.170,255255255255,udp,[0],1,1,30,2,438,117,1752,0,1,0
2015-11-24 14:02:00,2015-11-24 14:02:30,146.164.69.170,146.164.69.255,udp,[0],1,1,30,2,438,117,1752,0,1,0
2015-11-24 14:02:00,2015-11-24 14:02:39,54235109192,146.164.69.165,tcp,"[0, 2, 0, 0, 0, 1]",1,2,39,3,1189,244,3171,0,2,0
2015-11-24 14:02:00,2015-11-24 14:02:43,146.164.69.165,8.8.8.8,icmp,[0],1,1,43,44,2816,524,512,1,44,0
2015-11-24 14:02:00,2015-11-24 14:02:42,8.8.8.8,146.164.69.165,icmp,[0],1,1,42,43,2752,524,512,1,43,0
2015-11-24 14:02:01,2015-11-24 14:02:01,fe80::39d9:38e4:aea0:6cfd,ff02::1:3,udp,[0],2,1,0,4,120,0,240,0,2,0
2015-11-24 14:02:01,2015-11-24 14:02:01,146.164.69.236,224.0.0.252,udp,[0],2,1,0,4,120,0,240,0,2,0
2015-11-24 14:02:01,2015-11-24 14:02:34,146.164.69.165,91.189.94.232,tcp,"[0, 13, 0, 7, 0, 0]",13,2,33,39,1248,303,256,1,13,0
2015-11-24 14:02:01,2015-11-24 14:02:01,146.164.69.165,173.194.42.158,tcp,"[0, 1, 0, 0, 0, 0]",1,1,0,1,32,0,256,0,1,0
2015-11-24 14:02:02,2015-11-24 14:02:02,173.194.42.158,146.164.69.165,tcp,"[0, 1, 0, 0, 0, 0]",1,1,0,1,32,0,256,0,1,0
2015-11-24 14:02:02,2015-11-24 14:02:34,91.189.94.232,146.164.69.165,tcp,"[0, 13, 0, 13, 0, 7]",2,13,32,40,1497,374,299,1,13,0
2015-11-24 14:02:05,2015-11-24 14:02:06,146.164.69.165,146.164.69.2,tcp,"[0, 1, 0, 1, 0, 0]",1,1,0,3,96,0,256,0,1,0
2015-11-24 14:02:05,2015-11-24 14:02:06,146.164.69.2,146.164.69.165,tcp,"[0, 1, 0, 1, 0, 1]",1,1,0,3,133,0,355,0,1,0
2015-11-24 14:02:06,2015-11-24 14:02:07,146.164.69.236,146.164.69.255,udp,[0],1,1,1,3,174,1392,464,3,1,0
2015-11-24 14:02:06,2015-11-24 14:02:41,146.164.69.165,173.194.27.74,tcp,"[0, 1, 0, 0, 0, 1]",1,1,35,1924,70160,16037,292,55,1,0
2015-11-24 14:02:06,2015-11-24 14:02:41,173.194.27.74,146.164.69.165,tcp,"[0, 1, 0, 0, 0, 1]",1,1,35,3954,6406564,1464357,12962,113,1,0
2015-11-24 14:02:09,2015-11-24 14:02:37,fe80::1495:d348:7ce8:c904,ff02::1:3,udp,[0],4,1,28,8,288,82,288,0,4,0
2015-11-24 14:02:09,2015-11-24 14:02:37,146.164.69.225,224.0.0.252,udp,[0],4,1,28,8,288,82,288,0,4,0
2015-11-24 14:02:14,2015-11-24 14:02:42,146.164.69.225,146.164.69.255,udp,[0],1,1,28,6,348,99,464,0,1,0
2015-11-24 14:02:14,2015-11-24 14:02:28,146.164.69.165,64233186102,tcp,"[0, 1, 0, 1, 0, 0]",1,1,13,3,96,59,256,0,1,0
2015-11-24 14:02:20,2015-11-24 14:02:22,146.164.69.172,146.164.69.255,udp,[0],1,1,2,3,678,2712,1808,2,1,0
2015-11-24 14:02:28,2015-11-24 14:02:37,146.164.69.165,64233186102,udp,[0],1,1,9,6,2827,2513,3769,1,1,0
2015-11-24 14:02:28,2015-11-24 14:02:37,64233186102,146.164.69.165,udp,[0],1,1,8,5,1845,1845,2952,1,1,0
2015-11-24 14:02:28,2015-11-24 14:02:28,64233186102,146.164.69.165,tcp,"[0, 1, 0, 1, 0, 1]",1,1,0,3,159,0,424,0,1,0
2015-11-24 14:02:31,2015-11-24 14:02:31,146.164.69.159,224.0.0.251,udp,[0],1,1,0,1,139,0,1112,0,1,0
2015-11-24 14:02:31,2015-11-24 14:02:31,fe80::a2b3:ccff:fea2:7225,ff02::fb,udp,[0],1,1,0,1,139,0,1112,0,1,0
2015-11-24 14:02:31,2015-11-24 14:02:31,fe80::e23f:49ff:fe7e:c00e,ff02::fb,udp,[0],1,1,0,1,93,0,744,0,1,0
2015-11-24 14:02:34,2015-11-24 14:02:34,146.164.69.165,54.87.215.237,tcp,"[0, 1, 0, 0, 0, 0]",1,1,0,1,32,0,256,0,1,0
2015-11-24 14:02:34,2015-11-24 14:02:34,54.87.215.237,146.164.69.165,tcp,"[0, 1, 0, 0, 0, 0]",1,1,0,1,32,0,256,0,1,0
2015-11-24 14:02:39,2015-11-24 14:02:39,146.164.69.165,173.194.42.130,tcp,"[0, 1, 0, 0, 0, 0]",1,1,0,1,32,0,256,0,1,0
2015-11-25 10:42:25,2015-11-25 10:42:59,146.164.69.208,91.189.88.160,tcp,"[0, 1, 0, 0, 0, 0]",1,1,34,79955,2746716,646286,275,2352,1,0
2015-11-25 10:42:25,2015-11-25 10:42:59,91.189.88.160,146.164.69.208,tcp,"[0, 1, 0, 0, 0, 1]",1,1,34,145257,216277168,50888745,11911,4272,1,0
2015-11-25 10:42:25,2015-11-25 10:42:59,146.164.69.208,146.164.69.165,udp,[0],1,1,34,1712,137403,32330,642,50,1,0
2015-11-25 10:42:25,2015-11-25 10:42:59,146.164.69.165,146.164.69.208,udp,[0],1,1,34,1712,135218,31816,632,50,1,0
2015-11-25 10:42:26,2015-11-25 10:42:56,146.164.69.208,173.194.42.137,udp,[0],2,1,30,8,5484,1462,5484,0,2,0
2015-11-25 10:42:26,2015-11-25 10:42:56,146.164.69.208,173.194.42.132,tcp,"[0, 1, 0, 0, 0, 1]",1,1,30,14,1490,397,851,0,1,0
2015-11-25 10:42:26,2015-11-25 10:42:56,173.194.42.132,146.164.69.208,tcp,"[0, 1, 0, 0, 0, 1]",1,1,30,14,1065,284,609,0,1,0
2015-11-25 10:42:26,2015-11-25 10:42:56,173.194.42.137,146.164.69.208,udp,[0],1,2,30,6,3178,847,4237,0,2,0
2015-11-25 10:42:26,2015-11-25 10:42:26,173.194.42.131,146.164.69.208,tcp,"[0, 1, 0, 1, 0, 1]",1,1,0,3,159,0,424,0,1,0
2015-11-25 10:42:26,2015-11-25 10:42:26,146.164.69.208,173.194.42.131,tcp,"[0, 1, 0, 1, 0, 0]",1,1,0,2,64,0,256,0,1,0
2015-11-25 10:42:26,2015-11-25 10:42:56,146.164.69.208,173.194.42.142,udp,[0],1,1,30,17,4942,1318,2326,1,1,0
2015-11-25 10:42:26,2015-11-25 10:42:56,173.194.42.142,146.164.69.208,udp,[0],1,1,30,23,14880,3968,5176,1,1,0
2015-11-25 10:42:26,2015-11-25 10:42:59,146.164.69.208,54239181160,tcp,"[0, 1, 0, 0, 0, 1]",1,1,33,454,14533,3523,256,14,1,0
2015-11-25 10:42:26,2015-11-25 10:42:59,54239181160,146.164.69.208,tcp,"[0, 1, 0, 0, 0, 1]",1,1,33,488,711782,172553,11669,15,1,0
2015-11-25 10:42:26,2015-11-25 10:42:26,146.164.69.208,121170124151,tcp,"[0, 1, 0, 1, 0, 0]",1,1,0,2,64,0,256,0,1,0
2015-11-25 10:42:26,2015-11-25 10:42:26,146.164.69.208,61.230.15.147,tcp,"[0, 1, 0, 1, 0, 0]",1,1,0,2,64,0,256,0,1,0
2015-11-25 10:42:26,2015-11-25 10:42:26,121170124151,146.164.69.208,tcp,"[0, 1, 0, 1, 0, 0]",1,1,0,2,64,0,256,0,1,0
2015-11-25 10:42:26,2015-11-25 10:42:26,61.230.15.147,146.164.69.208,tcp,"[0, 1, 0, 1, 0, 0]",1,1,0,2,64,0,256,0,1,0
2015-11-25 10:42:27,2015-11-25 10:42:57,146.164.69.208,74.125.107.46,udp,[0],1,1,30,1941,111956,29855,461,65,1,0
2015-11-25 10:42:27,2015-11-25 10:42:57,74.125.107.46,146.164.69.208,udp,[0],1,1,30,3908,5164333,1377155,10572,130,1,0
2015-11-25 10:42:28,2015-11-25 10:42:57,146.164.69.208,64.233.190.95,udp,[0],1,1,29,9,1005,277,893,0,1,0
2015-11-25 10:42:28,2015-11-25 10:42:57,64.233.190.95,146.164.69.208,udp,[0],1,1,29,9,1521,420,1352,0,1,0
2015-11-25 10:42:29,2015-11-25 10:42:56,146.164.69.208,169.55.74.49,tcp,"[0, 1, 0, 0, 0, 1]",1,1,27,8,448,133,448,0,1,0
2015-11-25 10:42:29,2015-11-25 10:42:56,169.55.74.49,146.164.69.208,tcp,"[0, 1, 0, 0, 0, 1]",1,1,27,4,300,89,600,0,1,0
2015-11-25 10:42:30,2015-11-25 10:42:46,fe80::91c:740d:8737:9880,ff02::1:2,udp,[0],1,1,16,2,186,93,744,0,1,0
2015-11-25 10:42:30,2015-11-25 10:42:56,146.164.69.208,54.237.22.111,tcp,"[0, 1, 0, 0, 0, 0]",1,1,25,5,160,51,256,0,1,0
2015-11-25 10:42:30,2015-11-25 10:42:56,54.237.22.111,146.164.69.208,tcp,"[0, 1, 0, 0, 0, 1]",1,1,25,5,730,234,1168,0,1,0
2015-11-25 10:42:30,2015-11-25 10:42:58,146.164.69.208,50.19.224.178,tcp,"[0, 1, 0, 0, 0, 1]",1,1,27,15,10515,3116,5608,1,1,0
2015-11-25 10:42:31,2015-11-25 10:42:58,50.19.224.178,146.164.69.208,tcp,"[0, 1, 0, 0, 0, 1]",1,1,27,10,6259,1855,5007,0,1,0
2015-11-25 10:42:31,2015-11-25 10:42:51,146.164.69.208,66.220.146.5,tcp,"[0, 2, 0, 1, 0, 0]",2,1,20,3,96,38,256,0,2,0
2015-11-25 10:42:31,2015-11-25 10:42:52,146.164.69.208,146.164.69.2,tcp,"[0, 17, 17, 17, 11, 17]",17,1,21,318,71712,27319,1804,15,17,0
2015-11-25 10:42:31,2015-11-25 10:42:52,146.164.69.2,146.164.69.208,tcp,"[0, 17, 17, 17, 0, 17]",1,17,21,343,412844,157274,9629,16,17,0
2015-11-25 10:42:31,2015-11-25 10:42:59,64233186189,146.164.69.208,udp,[0],1,1,27,3,143,42,381,0,1,0
2015-11-25 10:42:31,2015-11-25 10:42:59,146.164.69.208,64233186189,udp,[0],1,1,27,3,130,39,347,0,1,0
2015-11-25 10:42:32,2015-11-25 10:42:51,66.220.146.5,146.164.69.208,tcp,"[0, 2, 0, 1, 0, 0]",1,2,19,2,64,27,256,0,2,0
2015-11-25 10:42:33,2015-11-25 10:42:48,146.164.69.172,146.164.69.255,udp,[0],1,1,15,3,678,362,1808,0,1,0
2015-11-25 10:42:34,2015-11-25 10:42:34,146.164.69.186,224.0.0.251,udp,[0],1,1,0,1,90,0,720,0,1,0
2015-11-25 10:42:34,2015-11-25 10:42:34,fe80::4e72:b9ff:feb0:df19,ff02::fb,udp,[0],1,1,0,1,90,0,720,0,1,0
2015-11-25 10:42:34,2015-11-25 10:42:34,fe80::c4fc:f343:dc47:5e8a,ff02::fb,udp,[0],1,1,0,1,20,0,160,0,1,0
2015-11-25 10:42:34,2015-11-25 10:42:34,146.164.69.223,224.0.0.251,udp,[0],1,1,0,1,20,0,160,0,1,0
2015-11-25 10:42:35,2015-11-25 10:42:50,146.164.69.208,23.92.108.90,tcp,"[0, 1, 0, 0, 0, 1]",1,1,15,6,1167,622,1556,0,1,0
2015-11-25 10:42:35,2015-11-25 10:42:50,23.92.108.90,146.164.69.208,tcp,"[0, 1, 0, 0, 0, 1]",1,1,15,3,303,162,808,0,1,0
2015-11-25 10:42:35,2015-11-25 10:42:35,146.164.69.170,146.164.69.255,udp,[0],1,1,0,1,219,0,1752,0,1,0
2015-11-25 10:42:35,2015-11-25 10:42:35,146.164.69.170,255255255255,udp,[0],1,1,0,1,219,0,1752,0,1,0
2015-11-25 10:42:37,2015-11-25 10:42:37,146.164.69.208,173.194.42.128,tcp,"[0, 1, 0, 0, 0, 0]",1,1,0,1,32,0,256,0,1,0
2015-11-25 10:42:37,2015-11-25 10:42:37,173.194.42.128,146.164.69.208,tcp,"[0, 1, 0, 0, 0, 0]",1,1,0,1,32,0,256,0,1,0
2015-11-25 10:42:37,2015-11-25 10:42:37,108.160.169.51,146.164.69.208,tcp,"[0, 1, 0, 0, 0, 1]",1,1,0,2,389,0,1556,0,1,0
2015-11-25 10:42:37,2015-11-25 10:42:37,146.164.69.208,108.160.169.51,tcp,"[0, 1, 0, 0, 0, 1]",1,1,0,1,490,0,3920,0,1,0
2015-11-25 10:42:38,2015-11-25 10:42:39,146.164.69.227,224.0.0.252,udp,[0],2,1,1,4,120,960,240,4,2,0
2015-11-25 10:42:38,2015-11-25 10:42:39,fe80::920:707d:f7fd:132,ff02::1:3,udp,[0],2,1,1,4,120,960,240,4,2,0
2015-11-25 10:42:40,2015-11-25 10:42:40,fe80::3a60:77ff:feb5:4d5f,ff02::fb,nopr,[0],1,1,0,1,32,0,256,0,1,0
2015-11-25 10:42:40,2015-11-25 10:42:40,fe80::a62:66ff:fe99:c87f,ff02::1:ff2d:8231,nopr,[0],1,1,0,1,32,0,256,0,1,0
2015-11-25 10:42:40,2015-11-25 10:42:40,fe80::215:17ff:fec5:2974,ff02::1,nopr,[0],1,1,0,1,32,0,256,0,1,0
2015-11-25 10:42:40,2015-11-25 10:42:40,0.0.0.0,224.0.0.1,igmp,[0],1,1,0,1,8,0,64,0,1,0
2015-11-25 10:42:40,2015-11-25 10:42:40,fe80::920:707d:f7fd:132,ff02::1:3,nopr,[0],1,1,0,1,32,0,256,0,1,0
2015-11-25 10:42:40,2015-11-25 10:42:40,fe80::920:707d:f7fd:132,ff02::c,nopr,[0],1,1,0,1,32,0,256,0,1,0
2015-11-25 10:42:40,2015-11-25 10:42:40,fe80::920:707d:f7fd:132,ff02::1:fffd:132,nopr,[0],1,1,0,1,32,0,256,0,1,0
2015-11-25 10:42:40,2015-11-25 10:42:40,fe80::21c:c0ff:feb0:195b,ff02::1:ffb0:195b,nopr,[0],1,1,0,1,32,0,256,0,1,0
2015-11-25 10:42:40,2015-11-25 10:42:40,fe80::3a60:77ff:feb5:4d5f,ff02::1:ffb5:4d5f,nopr,[0],1,1,0,1,32,0,256,0,1,0
2015-11-25 10:42:41,2015-11-25 10:42:41,fe80::21e:67ff:fe16:f7c6,ff02::1:ff16:f7c6,nopr,[0],1,1,0,1,32,0,256,0,1,0
2015-11-25 10:42:41,2015-11-25 10:42:41,fe80::91c:740d:8737:9880,ff02::1:ff37:9880,nopr,[0],1,1,0,1,32,0,256,0,1,0
2015-11-25 10:42:41,2015-11-25 10:42:41,fe80::39d9:38e4:aea0:6cfd,ff02::1:ffa0:6cfd,nopr,[0],1,1,0,1,32,0,256,0,1,0
2015-11-25 10:42:41,2015-11-25 10:42:41,fe80::227:eff:fe3b:a2a2,ff02::1:ff3b:a2a2,nopr,[0],1,1,0,1,32,0,256,0,1,0
2015-11-25 10:42:41,2015-11-25 10:42:41,fe80::4e72:b9ff:feb0:df19,ff02::1:ffb0:df19,nopr,[0],1,1,0,1,32,0,256,0,1,0
2015-11-25 10:42:41,2015-11-25 10:42:41,fe80::96de:80ff:fef6:3108,ff02::1:fff6:3108,nopr,[0],1,1,0,1,32,0,256,0,1,0
2015-11-25 10:42:41,2015-11-25 10:42:41,fe80::a2b3:ccff:fea2:7225,ff02::1:ffa2:7225,nopr,[0],1,1,0,1,32,0,256,0,1,0
2015-11-25 10:42:41,2015-11-25 10:42:41,fe80::21b:21ff:fe55:6281,ff02::1:ff55:6281,nopr,[0],1,1,0,1,32,0,256,0,1,0
2015-11-25 10:42:41,2015-11-25 10:42:41,fe80::3a60:77ff:fe72:669f,ff02::202,nopr,[0],1,1,0,1,32,0,256,0,1,0
2015-11-25 10:42:41,2015-11-25 10:42:41,fe80::3a60:77ff:fe60:6837,ff02::1:ff60:6837,nopr,[0],1,1,0,1,32,0,256,0,1,0
2015-11-25 10:42:41,2015-11-25 10:42:41,fe80::c4fc:f343:dc47:5e8a,ff02::1:ff47:5e8a,nopr,[0],1,1,0,1,32,0,256,0,1,0
2015-11-25 10:42:41,2015-11-25 10:42:41,fe80::3a60:77ff:fe72:669f,ff02::1:ff72:669f,nopr,[0],1,1,0,1,32,0,256,0,1,0
2015-11-25 10:42:41,2015-11-25 10:42:41,fe80::3a60:77ff:fe72:3bed,ff02::1:ff72:3bed,nopr,[0],1,1,0,1,32,0,256,0,1,0
2015-11-25 10:42:41,2015-11-25 10:42:41,fe80::21c:c0ff:feb0:1cdf,ff02::1:ffb0:1cdf,nopr,[0],1,1,0,1,32,0,256,0,1,0
2015-11-25 10:42:41,2015-11-25 10:42:41,fe80::76d4:35ff:fefc:e38a,ff02::1:fffc:e38a,nopr,[0],1,1,0,1,32,0,256,0,1,0
2015-11-25 10:42:41,2015-11-25 10:42:41,fe80::21c:c0ff:feb0:1499,ff02::1:ffb0:1499,nopr,[0],1,1,0,1,32,0,256,0,1,0
2015-11-25 10:42:41,2015-11-25 10:42:41,fe80::21c:c0ff:fe1b:458a,ff02::1:ff1b:458a,nopr,[0],1,1,0,1,32,0,256,0,1,0
2015-11-25 10:42:41,2015-11-25 10:42:41,fe80::3a60:77ff:fe72:84e8,ff02::1:ff72:84e8,nopr,[0],1,1,0,1,32,0,256,0,1,0
2015-11-25 10:42:41,2015-11-25 10:42:41,fe80::e23f:49ff:fe7e:c00e,ff02::1:ff7e:c00e,nopr,[0],1,1,0,1,32,0,256,0,1,0
2015-11-25 10:42:41,2015-11-25 10:42:41,fe80::7271:bcff:fedc:4df2,ff02::1:ffdc:4df2,nopr,[0],1,1,0,1,32,0,256,0,1,0
2015-11-25 10:42:41,2015-11-25 10:42:41,fe80::e23f:49ff:fe7d:35c1,ff02::1:ff7d:35c1,nopr,[0],1,1,0,1,32,0,256,0,1,0
2015-11-25 10:42:41,2015-11-25 10:42:41,fe80::a2b3:ccff:fea2:7225,ff02::2:902e:8cde,nopr,[0],1,1,0,1,32,0,256,0,1,0
2015-11-25 10:42:41,2015-11-25 10:42:41,fe80::21c:c0ff:fecf:fda0,ff02::1:ffcf:fda0,nopr,[0],1,1,0,1,32,0,256,0,1,0
2015-11-25 10:42:43,2015-11-25 10:42:43,146.164.69.208,111.221.77.149,tcp,"[0, 1, 0, 0, 0, 1]",1,1,0,2,320,0,1280,0,1,0
2015-11-25 10:42:43,2015-11-25 10:42:44,146.164.69.227,146.164.69.255,udp,[0],1,1,1,3,174,1392,464,3,1,0
2015-11-25 10:42:43,2015-11-25 10:42:43,111.221.77.149,146.164.69.208,tcp,"[0, 1, 0, 0, 0, 1]",1,1,0,1,36,0,288,0,1,0
2015-11-25 10:42:46,2015-11-25 10:42:50,146.164.69.208,149.154.175.16,tcp,"[0, 1, 0, 0, 0, 1]",1,1,4,9,1047,2094,931,2,1,0
2015-11-25 10:42:46,2015-11-25 10:42:50,149.154.175.16,146.164.69.208,tcp,"[0, 1, 0, 0, 0, 1]",1,1,4,6,1968,3936,2624,2,1,0
2015-11-25 10:42:49,2015-11-25 10:42:49,146.164.69.208,54192226203,tcp,"[0, 1, 0, 0, 0, 0]",1,1,0,1,32,0,256,0,1,0
2015-11-25 10:42:49,2015-11-25 10:42:49,54192226203,146.164.69.208,tcp,"[0, 1, 0, 0, 0, 0]",1,1,0,1,32,0,256,0,1,0
2015-11-25 10:42:49,2015-11-25 10:42:49,146.164.69.208,93184215151,tcp,"[0, 1, 0, 0, 0, 0]",1,1,0,1,20,0,160,0,1,0
2015-11-25 10:42:49,2015-11-25 10:42:49,93184215151,146.164.69.208,tcp,"[0, 1, 0, 0, 0, 0]",1,1,0,1,20,0,160,0,1,0
2015-11-25 10:42:49,2015-11-25 10:42:49,146.164.69.208,224.0.0.251,igmp,[0],1,1,0,1,8,0,64,0,1,0
2015-11-25 10:42:50,2015-11-25 10:42:50,146.164.69.208,239255255250,igmp,[0],1,1,0,1,8,0,64,0,1,0
2015-11-25 10:42:50,2015-11-25 10:42:50,146.164.69.208,66.220.146.36,tcp,"[0, 1, 0, 0, 0, 0]",1,1,0,1,32,0,256,0,1,0
2015-11-25 10:42:50,2015-11-25 10:42:50,66.220.146.36,146.164.69.208,tcp,"[0, 1, 0, 0, 0, 0]",1,1,0,1,32,0,256,0,1,0
2015-11-25 10:42:53,2015-11-25 10:42:57,146.164.69.208,64233186139,udp,[0],1,1,4,7,3504,7008,4005,2,1,0
2015-11-25 10:42:53,2015-11-25 10:42:57,64233186139,146.164.69.208,udp,[0],1,1,4,5,1848,3696,2957,1,1,0
2015-11-25 10:43:00,2015-11-25 10:43:59,91.189.88.160,146.164.69.208,tcp,"[0, 1, 0, 0, 0, 1]",1,1,59,210882,313459000,42502915,11891,3574,1,0
2015-11-25 10:43:00,2015-11-25 10:43:59,146.164.69.208,91.189.88.160,tcp,"[0, 1, 0, 0, 0, 0]",1,1,59,115979,4003344,542826,276,1966,1,0
2015-11-25 10:43:00,2015-11-25 10:43:59,146.164.69.208,146.164.69.165,udp,[0],1,1,59,3014,242153,32834,643,51,1,0
2015-12-03 15:45:13,2015-12-03 15:45:51,45.58.70.33,146.164.69.208,tcp,"[0, 3, 0, 0, 0, 3]",1,3,38,40264,64595576,13599069,12834,1060,3,0
2015-12-03 15:45:13,2015-12-03 15:45:51,146.164.69.208,45.58.70.33,tcp,"[0, 3, 0, 0, 0, 3]",3,1,38,23957,886408,186612,296,630,3,0
2015-12-03 15:45:13,2015-12-03 15:45:55,45.58.70.38,146.164.69.208,tcp,"[0, 2, 0, 0, 0, 2]",1,2,42,13110,495518,94384,302,312,2,0
2015-12-03 15:45:13,2015-12-03 15:45:59,64233190189,146.164.69.208,udp,[0],1,1,45,96,92021,16359,7668,2,1,0
2015-12-03 15:45:13,2015-12-03 15:45:13,146.164.69.208,54164134150,tcp,"[0, 1, 0, 0, 0, 0]",1,1,0,1,32,0,256,0,1,0
2015-12-03 15:45:13,2015-12-03 15:45:59,146.164.69.208,64233190189,udp,[0],1,1,45,66,3287,584,398,1,1,0
2015-12-03 15:45:13,2015-12-03 15:45:13,fe80::a62:66ff:fe99:c87f,ff02::1:ff2d:8231,nopr,[0],1,1,0,1,32,0,256,0,1,0
2015-12-03 15:45:13,2015-12-03 15:45:13,fe80::215:17ff:fec5:2974,ff02::1,nopr,[0],1,1,0,1,32,0,256,0,1,0
2015-12-03 15:45:13,2015-12-03 15:45:13,fe80::21e:67ff:fe16:f7c6,ff02::1:ff16:f7c6,nopr,[0],1,1,0,1,32,0,256,0,1,0
2015-12-03 15:45:13,2015-12-03 15:45:13,fe80::e23f:49ff:fe7d:35c1,ff02::fb,nopr,[0],1,1,0,1,32,0,256,0,1,0
2015-12-03 15:45:13,2015-12-03 15:45:13,0.0.0.0,224.0.0.1,igmp,[0],1,1,0,1,8,0,64,0,1,0
2015-12-03 15:45:13,2015-12-03 15:45:13,fe80::227:eff:fe04:3acb,ff02::202,nopr,[0],1,1,0,1,32,0,256,0,1,0
2015-12-03 15:45:13,2015-12-03 15:45:13,fe80::7271:bcff:fedc:4df2,ff02::1:ffdc:4df2,nopr,[0],1,1,0,1,32,0,256,0,1,0
2015-12-03 15:45:13,2015-12-03 15:45:59,146.164.69.208,8.8.8.8,icmp,[0],1,1,46,47,3008,523,512,1,47,0
2015-12-03 15:45:13,2015-12-03 15:45:59,8.8.8.8,146.164.69.208,icmp,[0],1,1,46,47,3008,523,512,1,47,0
2015-12-03 15:45:13,2015-12-03 15:45:13,fe80::3a60:77ff:fe72:84e8,ff02::1:ff72:84e8,nopr,[0],1,1,0,1,32,0,256,0,1,0
2015-12-03 15:45:13,2015-12-03 15:45:13,fe80::1495:d348:7ce8:c904,ff02::1:ffe8:c904,nopr,[0],1,1,0,1,32,0,256,0,1,0
2015-12-03 15:45:13,2015-12-03 15:45:13,fe80::1495:d348:7ce8:c904,ff02::1:3,nopr,[0],1,1,0,1,32,0,256,0,1,0
2015-12-03 15:45:13,2015-12-03 15:45:13,fe80::1495:d348:7ce8:c904,ff02::c,nopr,[0],1,1,0,1,32,0,256,0,1,0
2015-12-03 15:45:13,2015-12-03 15:45:13,fe80::21c:c0ff:fe1c:179,ff02::1:ff1c:179,nopr,[0],1,1,0,1,32,0,256,0,1,0
2015-12-03 15:45:13,2015-12-03 15:45:13,fe80::21c:c0ff:fecf:fda0,ff02::1:ffcf:fda0,nopr,[0],1,1,0,1,32,0,256,0,1,0
2015-12-03 15:45:13,2015-12-03 15:45:13,fe80::21c:c0ff:feb0:1499,ff02::1:ffb0:1499,nopr,[0],1,1,0,1,32,0,256,0,1,0
2015-12-03 15:45:13,2015-12-03 15:45:13,fe80::3a60:77ff:fe72:3bed,ff02::1:ff72:3bed,nopr,[0],1,1,0,1,32,0,256,0,1,0
2015-12-03 15:45:13,2015-12-03 15:45:13,fe80::b456:3d45:45fc:a212,ff02::1:fffc:a212,nopr,[0],1,1,0,1,32,0,256,0,1,0
2015-12-03 15:45:13,2015-12-03 15:45:13,fe80::3a60:77ff:fe72:669f,ff02::1:ff72:669f,nopr,[0],1,1,0,1,32,0,256,0,1,0
2015-12-03 15:45:13,2015-12-03 15:45:39,149154167124,146.164.69.208,tcp,"[0, 1, 0, 0, 0, 1]",1,1,26,12,2752,847,1835,0,1,0
2015-12-03 15:45:13,2015-12-03 15:45:13,fe80::e23f:49ff:fe7d:35c1,ff02::1:ff7d:35c1,nopr,[0],1,1,0,1,32,0,256,0,1,0
2015-12-03 15:45:13,2015-12-03 15:45:39,146.164.69.208,149154167124,tcp,"[0, 1, 0, 0, 0, 1]",1,1,25,8,1590,509,1590,0,1,0
2015-12-03 15:45:13,2015-12-03 15:45:13,fe80::a2b3:ccff:fea2:7225,ff02::2:902e:8cde,nopr,[0],1,1,0,1,32,0,256,0,1,0
2015-12-03 15:45:13,2015-12-03 15:45:13,fe80::227:eff:fe04:3acb,ff02::1:ff04:3acb,nopr,[0],1,1,0,1,32,0,256,0,1,0
2015-12-03 15:45:13,2015-12-03 15:45:13,fe80::21b:21ff:fe55:6281,ff02::1:ff55:6281,nopr,[0],1,1,0,1,32,0,256,0,1,0
2015-12-03 15:45:13,2015-12-03 15:45:13,fe80::21c:c0ff:feb0:1cdf,ff02::1:ffb0:1cdf,nopr,[0],1,1,0,1,32,0,256,0,1,0
2015-12-03 15:45:13,2015-12-03 15:45:13,fe80::21c:c0ff:fe1b:458a,ff02::1:ff1b:458a,nopr,[0],1,1,0,1,32,0,256,0,1,0
2015-12-03 15:45:13,2015-12-03 15:45:13,fe80::3a60:77ff:feb5:4d5f,ff02::1:ffb5:4d5f,nopr,[0],1,1,0,1,32,0,256,0,1,0
2015-12-03 15:45:13,2015-12-03 15:45:13,fe80::76d4:35ff:fefc:e38a,ff02::1:fffc:e38a,nopr,[0],1,1,0,1,32,0,256,0,1,0
2015-12-03 15:45:14,2015-12-03 15:45:59,146.164.69.208,54239181110,tcp,"[0, 1, 0, 0, 0, 1]",1,1,45,615,19690,3500,256,14,1,0
2015-12-03 15:45:14,2015-12-03 15:45:59,54239181110,146.164.69.208,tcp,"[0, 1, 0, 0, 0, 1]",1,1,45,641,947674,168475,11827,14,1,0
2015-12-03 15:45:14,2015-12-03 15:45:59,146.164.69.208,146.164.69.131,tcp,"[0, 1, 0, 0, 0, 1]",1,1,45,1089,212888,37847,1564,24,1,0
2015-12-03 15:45:14,2015-12-03 15:45:59,146.164.69.131,146.164.69.208,tcp,"[0, 1, 0, 0, 0, 1]",1,1,45,1021,427076,75925,3346,23,1,0
2015-12-03 15:45:14,2015-12-03 15:45:14,fe80::21c:c0ff:feb0:195b,ff02::1:ffb0:195b,nopr,[0],1,1,0,1,32,0,256,0,1,0
2015-12-03 15:45:14,2015-12-03 15:45:51,146.164.69.208,173.194.42.129,udp,[0],2,1,37,134,33767,7301,2016,4,2,0
2015-12-03 15:45:14,2015-12-03 15:45:51,173.194.42.129,146.164.69.208,udp,[0],1,2,37,94,9620,2080,819,3,2,0
2015-12-03 15:45:14,2015-12-03 15:45:57,146.164.69.208,74.125.107.53,tcp,"[0, 2, 0, 0, 0, 2]",2,1,43,5124,213630,39745,334,119,2,0
2015-12-03 15:45:14,2015-12-03 15:45:14,fe80::e23f:49ff:fe7e:c00e,ff02::1:ff7e:c00e,nopr,[0],1,1,0,1,32,0,256,0,1,0
2015-12-03 15:45:14,2015-12-03 15:45:57,74.125.107.53,146.164.69.208,tcp,"[0, 2, 0, 0, 0, 2]",1,2,43,9164,14501991,2698045,12660,213,2,0
2015-12-03 15:45:14,2015-12-03 15:45:14,fe80::227:eff:fe3b:a2a2,ff02::1:ff3b:a2a2,nopr,[0],1,1,0,1,32,0,256,0,1,0
2015-12-03 15:45:14,2015-12-03 15:45:14,fe80::a2b3:ccff:fea2:7225,ff02::1:ffa2:7225,nopr,[0],1,1,0,1,32,0,256,0,1,0
2015-12-03 15:45:14,2015-12-03 15:45:14,fe80::e23f:49ff:fe7c:820c,ff02::1:ff7c:820c,nopr,[0],1,1,0,1,32,0,256,0,1,0
2015-12-03 15:45:14,2015-12-03 15:45:59,146.164.69.208,173.194.42.141,tcp,"[0, 1, 0, 0, 0, 0]",1,1,45,2,64,11,256,0,1,0
2015-12-03 15:45:14,2015-12-03 15:45:59,173.194.42.141,146.164.69.208,tcp,"[0, 1, 0, 0, 0, 0]",1,1,45,2,64,11,256,0,1,0
2015-12-03 15:45:14,2015-12-03 15:45:14,fe80::3a60:77ff:feb4:ecbf,ff02::1:ffb4:ecbf,nopr,[0],1,1,0,1,32,0,256,0,1,0
2015-12-03 15:45:14,2015-12-03 15:45:59,146.164.69.208,173.194.42.136,udp,[0],1,1,44,39,9901,1800,2031,1,1,0
2015-12-03 15:45:14,2015-12-03 15:45:59,173.194.42.136,146.164.69.208,udp,[0],1,1,44,52,32315,5875,4972,1,1,0
2015-12-03 15:45:14,2015-12-03 15:45:18,54.88.78.129,146.164.69.208,tcp,"[0, 1, 0, 1, 0, 1]",1,1,3,2,95,253,380,1,1,0
2015-12-03 15:45:14,2015-12-03 15:45:18,146.164.69.208,54.88.78.129,tcp,"[0, 1, 0, 1, 0, 0]",1,1,3,3,96,256,256,1,1,0
2015-12-03 15:45:15,2015-12-03 15:45:58,fe80::1495:d348:7ce8:c904,ff02::c,udp,[0],1,1,43,14,2156,401,1232,0,1,0
2015-12-03 15:45:15,2015-12-03 15:45:59,108160162116,146.164.69.208,tcp,"[0, 1, 0, 0, 0, 1]",1,1,44,15,3336,607,1779,0,1,0
2015-12-03 15:45:15,2015-12-03 15:45:59,146.164.69.208,108160162116,tcp,"[0, 1, 0, 0, 0, 1]",1,1,44,15,3686,670,1966,0,1,0
2015-12-03 15:45:15,2015-12-03 15:45:59,146.164.69.208,54.192.227.76,tcp,"[0, 1, 0, 0, 0, 1]",1,1,44,142,18192,3308,1025,3,1,0
2015-12-03 15:45:15,2015-12-03 15:45:59,54.192.227.76,146.164.69.208,tcp,"[0, 1, 0, 0, 0, 1]",1,1,44,154,194577,35378,10108,4,1,0
2015-12-03 15:45:16,2015-12-03 15:45:47,146.164.69.208,173.194.42.225,udp,[0],1,1,31,6,1579,407,2105,0,1,0
2015-12-03 15:45:16,2015-12-03 15:45:47,173.194.42.225,146.164.69.208,udp,[0],1,1,31,6,349,90,465,0,1,0
2015-12-03 15:45:16,2015-12-03 15:45:30,146.164.69.208,173.194.42.136,tcp,"[0, 1, 0, 1, 0, 0]",1,1,14,3,96,55,256,0,1,0
2015-12-03 15:45:16,2015-12-03 15:45:30,173.194.42.136,146.164.69.208,tcp,"[0, 1, 0, 1, 0, 1]",1,1,14,4,191,109,382,0,1,0
2015-12-03 15:45:16,2015-12-03 15:45:55,146.164.69.208,45.58.70.38,tcp,"[0, 2, 0, 0, 0, 2]",2,1,39,11857,59912254,12289693,40423,304,2,0
2015-12-03 15:45:16,2015-12-03 15:45:47,146.164.69.208,173.194.42.225,tcp,"[0, 2, 0, 1, 0, 0]",2,1,31,3,96,25,256,0,2,0
2015-12-03 15:45:16,2015-12-03 15:45:47,173.194.42.225,146.164.69.208,tcp,"[0, 2, 0, 1, 0, 1]",1,2,31,5,223,58,357,0,2,0
2015-12-03 15:45:16,2015-12-03 15:45:46,146.164.69.208,173.194.42.150,udp,[0],1,1,30,12,732,195,488,0,1,0
2015-12-03 15:45:16,2015-12-03 15:45:46,173.194.42.150,146.164.69.208,udp,[0],1,1,30,16,2952,787,1476,1,1,0
2015-12-03 15:45:16,2015-12-03 15:45:16,fe80::215:17ff:fec5:2974,ff02::fb,udp,[0],1,1,0,1,90,0,720,0,1,0
2015-12-03 15:45:16,2015-12-03 15:45:16,146.164.69.147,224.0.0.251,udp,[0],1,1,0,1,90,0,720,0,1,0
2015-12-03 15:45:16,2015-12-03 15:45:16,146.164.69.208,104.244.42.67,tcp,"[0, 1, 0, 0, 0, 0]",1,1,0,1,32,0,256,0,1,0
2015-12-03 15:45:16,2015-12-03 15:45:16,104.244.42.67,146.164.69.208,tcp,"[0, 1, 0, 0, 0, 0]",1,1,0,1,32,0,256,0,1,0
2015-12-03 15:45:17,2015-12-03 15:45:17,146.164.69.208,104.244.42.197,tcp,"[0, 1, 0, 0, 0, 0]",1,1,0,1,32,0,256,0,1,0
2015-12-03 15:45:17,2015-12-03 15:45:17,104.244.42.197,146.164.69.208,tcp,"[0, 1, 0, 0, 0, 0]",1,1,0,1,32,0,256,0,1,0
2015-12-03 15:45:17,2015-12-03 15:45:17,fe80::a2b3:ccff:fea2:7225,ff02::1:2,udp,[0],1,1,0,1,82,0,656,0,1,0
2015-12-03 15:45:18,2015-12-03 15:45:55,146.164.69.208,173.194.42.140,udp,[0],1,1,37,28,2433,526,695,1,1,0
2015-12-03 15:45:18,2015-12-03 15:45:55,173.194.42.140,146.164.69.208,udp,[0],1,1,37,28,13559,2932,3874,1,1,0
2015-12-03 15:45:18,2015-12-03 15:45:45,146.164.69.220,224.0.0.252,udp,[0],4,1,27,8,288,85,288,0,4,0
2015-12-03 15:45:18,2015-12-03 15:45:45,fe80::1495:d348:7ce8:c904,ff02::1:3,udp,[0],4,1,27,8,288,85,288,0,4,0
2015-12-03 15:45:18,2015-12-03 15:45:51,146.164.69.172,146.164.69.255,udp,[0],1,1,33,6,1356,329,1808,0,1,0
2015-12-03 15:45:20,2015-12-03 15:45:56,146.164.69.208,158.85.224.172,tcp,"[0, 1, 0, 0, 0, 1]",1,1,36,10,560,124,448,0,1,0
2015-12-03 15:45:20,2015-12-03 15:45:56,158.85.224.172,146.164.69.208,tcp,"[0, 1, 0, 0, 0, 1]",1,1,36,6,407,90,543,0,1,0
2015-12-03 15:45:21,2015-12-03 15:45:21,146.164.69.208,239255255250,igmp,[0],1,1,0,1,8,0,64,0,1,0
2015-12-03 15:45:21,2015-12-03 15:45:59,149.154.175.16,146.164.69.208,tcp,"[0, 1, 0, 0, 0, 1]",1,1,37,16,4088,884,2044,0,1,0
2015-12-03 15:45:21,2015-12-03 15:45:59,146.164.69.208,149.154.175.16,tcp,"[0, 1, 0, 0, 0, 1]",1,1,37,15,2325,503,1240,0,1,0
2015-12-03 15:45:22,2015-12-03 15:45:22,146.164.69.208,224.0.0.251,igmp,[0],1,1,0,1,8,0,64,0,1,0
2015-12-03 15:45:22,2015-12-03 15:45:51,146.164.69.220,146.164.69.255,udp,[0],1,1,28,6,348,99,464,0,1,0
2015-12-03 15:45:24,2015-12-03 15:45:39,146.164.69.208,173.194.42.134,tcp,"[0, 1, 0, 1, 0, 0]",1,1,14,3,96,55,256,0,1,0
2015-12-03 15:45:24,2015-12-03 15:45:39,173.194.42.134,146.164.69.208,tcp,"[0, 1, 0, 1, 0, 1]",1,1,14,4,191,109,382,0,1,0
2015-12-03 15:45:24,2015-12-03 15:45:56,fe80::1495:d348:7ce8:c904,ff02::1:2,udp,[0],1,1,32,2,184,46,736,0,1,0
2015-12-03 15:45:25,2015-12-03 15:45:25,146.164.69.208,200.143.247.50,tcp,"[0, 1, 0, 0, 0, 0]",1,1,0,1,32,0,256,0,1,0
2015-12-03 15:45:25,2015-12-03 15:45:25,200.143.247.50,146.164.69.208,tcp,"[0, 1, 0, 0, 0, 0]",1,1,0,1,32,0,256,0,1,0
2015-12-03 15:45:26,2015-12-03 15:45:26,146.164.69.208,200.143.247.41,tcp,"[0, 1, 0, 0, 0, 0]",1,1,0,1,32,0,256,0,1,0
2015-12-03 15:45:26,2015-12-03 15:45:26,200.143.247.41,146.164.69.208,tcp,"[0, 1, 0, 0, 0, 0]",1,1,0,1,32,0,256,0,1,0
2015-12-03 15:45:27,2015-12-03 15:45:27,146.164.69.208,66.220.146.36,tcp,"[0, 1, 0, 1, 0, 0]",1,1,0,3,96,0,256,0,1,0
2015-12-03 15:45:27,2015-12-03 15:45:27,66.220.146.36,146.164.69.208,tcp,"[0, 1, 0, 1, 0, 1]",1,1,0,4,204,0,408,0,1,0
2015-12-03 15:45:27,2015-12-03 15:45:27,146.164.69.208,23.235.39.67,tcp,"[0, 1, 0, 0, 0, 0]",1,1,0,1,32,0,256,0,1,0
2015-12-03 15:45:27,2015-12-03 15:45:27,23.235.39.67,146.164.69.208,tcp,"[0, 1, 0, 0, 0, 0]",1,1,0,1,32,0,256,0,1,0
2015-12-03 15:45:28,2015-12-03 15:45:29,66.220.146.5,146.164.69.208,tcp,"[0, 1, 0, 1, 0, 1]",1,1,0,4,204,0,408,0,1,0
2015-12-04 14:11:18,2015-12-04 14:11:57,146.164.69.165,173.194.27.74,udp,[0],1,1,39,2875,154725,31738,431,74,1,0
2015-12-04 14:11:18,2015-12-04 14:11:57,173.194.27.74,146.164.69.165,udp,[0],1,1,39,5720,7736111,1586895,10820,147,1,0
2015-12-04 14:11:18,2015-12-04 14:11:59,146.164.69.165,146.164.69.131,tcp,"[0, 1, 0, 0, 0, 1]",1,1,40,1703,8921184,1784237,41908,43,1,0
2015-12-04 14:11:18,2015-12-04 14:11:59,146.164.69.131,146.164.69.165,tcp,"[0, 1, 0, 0, 0, 1]",1,1,40,834,194176,38835,1863,21,1,0
2015-12-04 14:11:19,2015-12-04 14:11:19,146.164.69.165,64233190139,tcp,"[0, 1, 0, 0, 0, 0]",1,1,0,1,32,0,256,0,1,0
2015-12-04 14:11:19,2015-12-04 14:11:19,64233190139,146.164.69.165,tcp,"[0, 1, 0, 0, 0, 0]",1,1,0,1,32,0,256,0,1,0
2015-12-04 14:11:19,2015-12-04 14:11:59,146.164.69.165,8.8.8.8,icmp,[0],1,1,40,41,2624,525,512,1,41,0
2015-12-04 14:11:19,2015-12-04 14:11:59,8.8.8.8,146.164.69.165,icmp,[0],1,1,40,41,2624,525,512,1,41,0
2015-12-04 14:11:19,2015-12-04 14:11:19,fe80::21a:4dff:fea3:e21d,ff02::fb,udp,[0],1,1,0,1,590,0,4720,0,1,0
2015-12-04 14:11:22,2015-12-04 14:11:22,146.164.69.165,198.252.206.25,tcp,"[0, 1, 0, 0, 0, 0]",1,1,0,1,32,0,256,0,1,0
2015-12-04 14:11:22,2015-12-04 14:11:22,198.252.206.25,146.164.69.165,tcp,"[0, 1, 0, 0, 0, 0]",1,1,0,1,32,0,256,0,1,0
2015-12-04 14:11:23,2015-12-04 14:11:55,146.164.69.174,146.164.69.165,tcp,"[0, 0, 5, 0, 0, 0]",5,1,32,5,200,50,320,0,5,0
2015-12-04 14:11:23,2015-12-04 14:11:55,146.164.69.165,146.164.69.174,tcp,"[0, 5, 0, 0, 5, 0]",1,5,32,5,100,25,160,0,5,0
2015-12-04 14:11:25,2015-12-04 14:11:55,146.164.69.170,255255255255,udp,[0],1,1,30,2,438,117,1752,0,1,0
2015-12-04 14:11:25,2015-12-04 14:11:55,146.164.69.170,146.164.69.255,udp,[0],1,1,30,2,438,117,1752,0,1,0
2015-12-04 14:11:28,2015-12-04 14:11:59,146.164.69.172,146.164.69.255,udp,[0],1,1,31,4,902,233,1804,0,1,0
2015-12-04 14:11:30,2015-12-04 14:11:56,146.164.69.165,173.194.42.150,udp,[0],1,1,25,8,803,257,803,0,1,0
2015-12-04 14:11:30,2015-12-04 14:11:56,173.194.42.150,146.164.69.165,udp,[0],1,1,25,10,1284,411,1027,0,1,0
2015-12-04 14:11:33,2015-12-04 14:11:51,146.164.69.165,64233190139,udp,[0],1,1,17,4,1034,487,2068,0,1,0
2015-12-04 14:11:33,2015-12-04 14:11:51,64233190139,146.164.69.165,udp,[0],1,1,17,4,233,110,466,0,1,0
2015-12-04 14:11:34,2015-12-04 14:11:34,146.164.69.165,54.175.109.47,tcp,"[0, 1, 0, 0, 0, 0]",1,1,0,1,32,0,256,0,1,0
2015-12-04 14:11:34,2015-12-04 14:11:34,54.175.109.47,146.164.69.165,tcp,"[0, 1, 0, 0, 0, 0]",1,1,0,1,32,0,256,0,1,0
2015-12-04 14:11:38,2015-12-04 14:11:38,fe80::a2b3:ccff:fea2:7225,ff02::1:2,udp,[0],1,1,0,1,82,0,656,0,1,0
2015-12-04 14:11:40,2015-12-04 14:11:40,146.164.69.234,255255255255,udp,[0],1,1,0,2,394,0,1576,0,1,0
2015-12-04 14:11:40,2015-12-04 14:11:40,146.164.69.234,146.164.69.255,udp,[0],1,1,0,1,197,0,1576,0,1,0
2015-12-04 14:11:42,2015-12-04 14:11:42,146.164.69.165,52.91.109.227,tcp,"[0, 1, 0, 0, 0, 0]",1,1,0,1,32,0,256,0,1,0
2015-12-04 14:11:42,2015-12-04 14:11:42,52.91.109.227,146.164.69.165,tcp,"[0, 1, 0, 0, 0, 0]",1,1,0,1,32,0,256,0,1,0
2015-12-04 14:11:48,2015-12-04 14:11:49,146.164.69.172,255255255255,udp,[0],1,1,1,3,174,1392,464,3,1,0
2015-12-04 14:11:53,2015-12-04 14:11:53,fe80::a2b3:ccff:fea2:7225,ff02::fb,udp,[0],1,1,0,1,139,0,1112,0,1,0
2015-12-04 14:11:53,2015-12-04 14:11:53,fe80::21c:c0ff:feb0:1499,ff02::fb,udp,[0],1,1,0,1,93,0,744,0,1,0
2015-12-04 14:11:53,2015-12-04 14:11:53,146.164.69.159,224.0.0.251,udp,[0],1,1,0,1,139,0,1112,0,1,0
2015-12-04 14:11:53,2015-12-04 14:11:53,146.164.69.2,146.164.69.165,tcp,"[0, 3, 2, 1, 0, 2]",1,3,0,13,4519,0,2781,0,3,0
2015-12-04 14:11:53,2015-12-04 14:11:53,146.164.69.165,146.164.69.2,tcp,"[0, 3, 2, 2, 1, 2]",3,1,0,16,2984,0,1492,0,3,0
2015-12-04 14:11:55,2015-12-04 14:11:55,146.164.69.165,173.194.42.137,tcp,"[0, 1, 0, 0, 0, 0]",1,1,0,1,32,0,256,0,1,0
2015-12-04 14:11:55,2015-12-04 14:11:55,173.194.42.137,146.164.69.165,tcp,"[0, 1, 0, 0, 0, 0]",1,1,0,1,32,0,256,0,1,0
2015-12-04 14:11:55,2015-12-04 14:11:55,146.164.69.165,64.233.190.93,tcp,"[0, 1, 0, 0, 0, 0]",1,1,0,1,32,0,256,0,1,0
2015-12-04 14:11:55,2015-12-04 14:11:55,64.233.190.93,146.164.69.165,tcp,"[0, 1, 0, 0, 0, 0]",1,1,0,1,32,0,256,0,1,0
2015-12-04 14:12:00,2015-12-04 14:12:59,146.164.69.165,173.194.27.74,udp,[0],1,1,59,4694,254136,34459,433,80,1,0
2015-12-04 14:12:00,2015-12-04 14:12:59,173.194.27.74,146.164.69.165,udp,[0],1,1,59,9221,12455921,1688938,10807,156,1,0
2015-12-04 14:12:00,2015-12-04 14:12:59,146.164.69.165,146.164.69.131,tcp,"[0, 1, 0, 0, 0, 1]",1,1,59,2377,13297656,1803072,44754,40,1,0
2015-12-04 14:12:00,2015-12-04 14:12:59,146.164.69.131,146.164.69.165,tcp,"[0, 1, 0, 0, 0, 1]",1,1,59,1808,247328,33536,1094,31,1,0
2015-12-04 14:12:00,2015-12-04 14:12:00,::,ff02::16,nopr,[0],1,1,0,1,36,0,288,0,1,0
2015-12-04 14:12:00,2015-12-04 14:12:35,146.164.69.172,146.164.69.255,udp,[0],1,1,35,5,1132,259,1811,0,1,0
2015-12-04 14:12:00,2015-12-04 14:12:38,146.164.69.165,8.8.8.8,icmp,[0],1,1,38,39,2496,525,512,1,39,0
2015-12-04 14:12:00,2015-12-04 14:12:37,8.8.8.8,146.164.69.165,icmp,[0],1,1,37,38,2432,526,512,1,38,0
2015-12-04 14:12:01,2015-12-04 14:12:02,fe80::3a60:77ff:fe60:6837,ff02::16,nopr,[0],1,1,1,4,164,1312,328,4,4,0
2015-12-04 14:12:01,2015-12-04 14:12:09,fe80::3a60:77ff:fe60:6837,ff02::2,icmp6,[0],1,1,8,3,24,24,64,0,3,0
2015-12-04 14:12:01,2015-12-04 14:12:32,fe80::3a60:77ff:fe60:6837,ff02::fb,udp,[0],1,1,31,15,4950,1277,2640,0,1,0
2015-12-04 14:12:01,2015-12-04 14:12:44,fe80::7271:bcff:fedc:4df2,ff02::fb,udp,[0],1,1,43,4,3722,692,7444,0,1,0
2015-12-04 14:12:01,2015-12-04 14:12:48,146.164.69.159,224.0.0.251,udp,[0],1,1,47,4,1716,292,3432,0,1,0
2015-12-04 14:12:01,2015-12-04 14:12:48,fe80::a2b3:ccff:fea2:7225,ff02::fb,udp,[0],1,1,47,4,1716,292,3432,0,1,0
2015-12-04 14:12:01,2015-12-04 14:12:44,fe80::76d4:35ff:fefc:e38a,ff02::fb,udp,[0],1,1,43,6,7884,1467,10512,0,1,0
2015-12-04 14:12:03,2015-12-04 14:12:35,146.164.69.174,146.164.69.165,tcp,"[0, 0, 5, 0, 0, 0]",5,1,32,5,200,50,320,0,5,0
2015-12-04 14:12:03,2015-12-04 14:12:35,146.164.69.165,146.164.69.174,tcp,"[0, 5, 0, 0, 5, 0]",1,5,32,5,100,25,160,0,5,0
2015-12-04 14:12:03,2015-12-04 14:12:33,146.164.69.165,64233190139,udp,[0],1,1,30,6,1574,420,2099,0,1,0
2015-12-04 14:12:03,2015-12-04 14:12:33,64233190139,146.164.69.165,udp,[0],1,1,30,6,349,93,465,0,1,0
2015-12-04 14:12:04,2015-12-04 14:12:49,146.164.69.165,64233190139,tcp,"[0, 1, 0, 0, 0, 0]",1,1,45,2,64,11,256,0,1,0
2015-12-04 14:12:04,2015-12-04 14:12:49,64233190139,146.164.69.165,tcp,"[0, 1, 0, 0, 0, 0]",1,1,45,2,64,11,256,0,1,0
2015-12-04 14:12:06,2015-12-04 14:12:51,146.164.69.165,54.175.109.47,tcp,"[0, 1, 0, 0, 0, 1]",1,1,45,3,164,29,437,0,1,0
2015-12-04 14:12:06,2015-12-04 14:12:51,54.175.109.47,146.164.69.165,tcp,"[0, 1, 0, 0, 0, 1]",1,1,45,2,130,23,520,0,1,0
2015-12-04 14:12:07,2015-12-04 14:12:37,146.164.69.165,198.252.206.25,tcp,"[0, 1, 0, 0, 0, 1]",1,1,30,2,101,27,404,0,1,0
2015-12-04 14:12:07,2015-12-04 14:12:37,198.252.206.25,146.164.69.165,tcp,"[0, 1, 0, 0, 0, 1]",1,1,30,3,154,41,411,0,1,0
2015-12-04 14:12:07,2015-12-04 14:12:49,173.194.42.150,146.164.69.165,udp,[0],1,1,41,4,186,36,372,0,1,0
2015-12-04 14:12:07,2015-12-04 14:12:49,146.164.69.165,173.194.42.150,udp,[0],1,1,41,4,162,32,324,0,1,0
2015-12-04 14:12:08,2015-12-04 14:12:48,0.0.0.0,255255255255,udp,[0],1,1,40,2,616,123,2464,0,1,0
2015-12-04 14:12:08,2015-12-04 14:12:08,146.164.69.194,224.0.0.22,igmp,[0],1,1,0,2,32,0,128,0,2,0
2015-12-04 14:12:08,2015-12-04 14:12:39,146.164.69.194,224.0.0.251,udp,[0],1,1,31,15,5302,1368,2828,0,1,0
2015-12-04 14:12:08,2015-12-04 14:12:53,146.164.69.165,146.164.69.2,tcp,"[0, 1, 0, 1, 0, 0]",1,1,44,3,96,17,256,0,1,0
2015-12-04 14:12:08,2015-12-04 14:12:53,146.164.69.2,146.164.69.165,tcp,"[0, 1, 0, 1, 0, 1]",1,1,44,3,133,24,355,0,1,0
2015-12-04 14:12:08,2015-12-04 14:12:48,146.164.69.172,224.0.0.251,udp,[0],1,1,40,4,3754,751,7508,0,1,0
2015-12-04 14:12:08,2015-12-04 14:12:48,146.164.69.133,224.0.0.251,udp,[0],1,1,40,6,7916,1583,10555,0,1,0
2015-12-04 14:12:10,2015-12-04 14:12:40,146.164.69.234,255255255255,udp,[0],1,1,30,4,788,210,1576,0,1,0
2015-12-04 14:12:10,2015-12-04 14:12:40,146.164.69.234,146.164.69.255,udp,[0],1,1,30,2,394,105,1576,0,1,0
2015-12-04 14:12:21,2015-12-04 14:12:22,146.164.69.133,255255255255,udp,[0],1,1,1,3,174,1392,464,3,1,0
2015-12-04 14:12:25,2015-12-04 14:12:55,146.164.69.170,146.164.69.255,udp,[0],1,1,30,2,438,117,1752,0,1,0
2015-12-04 14:12:25,2015-12-04 14:12:55,146.164.69.170,255255255255,udp,[0],1,1,30,2,438,117,1752,0,1,0
2015-12-04 14:12:27,2015-12-04 14:12:57,146.164.69.165,52.91.109.227,tcp,"[0, 1, 0, 0, 0, 1]",1,1,29,3,164,45,437,0,1,0
2015-12-04 14:12:27,2015-12-04 14:12:57,52.91.109.227,146.164.69.165,tcp,"[0, 1, 0, 0, 0, 1]",1,1,29,2,130,36,520,0,1,0
2015-12-04 14:12:32,2015-12-04 14:12:32,0.0.0.0,224.0.0.1,igmp,[0],1,1,0,1,8,0,64,0,1,0
2015-12-04 14:12:32,2015-12-04 14:12:32,fe80::215:17ff:fec5:2974,ff02::1,nopr,[0],1,1,0,1,32,0,256,0,1,0
2015-12-04 14:12:32,2015-12-04 14:12:32,fe80::a62:66ff:fe99:c87f,ff02::1:ff2d:8231,nopr,[0],1,1,0,1,32,0,256,0,1,0
2015-12-04 14:12:32,2015-12-04 14:12:32,fe80::3a60:77ff:feb5:4d5f,ff02::1:ffb5:4d5f,nopr,[0],1,1,0,1,32,0,256,0,1,0
2015-12-04 14:12:32,2015-12-04 14:12:32,fe80::4e72:b9ff:feb0:df58,ff02::fb,nopr,[0],1,1,0,1,32,0,256,0,1,0
2015-12-04 14:12:32,2015-12-04 14:12:32,fe80::a2b3:ccff:fea2:7225,ff02::2:902e:8cde,nopr,[0],1,1,0,1,32,0,256,0,1,0
2015-12-04 14:12:33,2015-12-04 14:12:33,fe80::21c:c0ff:feb0:1499,ff02::1:ffb0:1499,nopr,[0],1,1,0,1,32,0,256,0,1,0
2015-12-04 14:12:33,2015-12-04 14:12:33,fe80::3a60:77ff:fe72:84e8,ff02::1:ff72:84e8,nopr,[0],1,1,0,1,32,0,256,0,1,0
2015-12-04 14:12:33,2015-12-04 14:12:33,fe80::4e72:b9ff:feb0:df58,ff02::1:ffb0:df58,nopr,[0],1,1,0,1,32,0,256,0,1,0
2015-12-04 14:12:33,2015-12-04 14:12:33,146.164.69.193,224.0.0.251,igmp,[0],1,1,0,1,8,0,64,0,1,0
2015-12-04 14:12:33,2015-12-04 14:12:33,fe80::18f0:841e:2f1:c8f4,ff02::1:3,nopr,[0],1,1,0,1,32,0,256,0,1,0
2015-12-04 14:12:33,2015-12-04 14:12:33,fe80::18f0:841e:2f1:c8f4,ff02::c,nopr,[0],1,1,0,1,32,0,256,0,1,0
2015-12-04 14:12:33,2015-12-04 14:12:33,fe80::18f0:841e:2f1:c8f4,ff02::1:fff1:c8f4,nopr,[0],1,1,0,1,32,0,256,0,1,0
2015-12-04 14:12:33,2015-12-04 14:12:33,146.164.69.234,239255255250,igmp,[0],1,1,0,1,8,0,64,0,1,0
2015-12-04 14:12:33,2015-12-04 14:12:33,fe80::3a60:77ff:feb4:ecbf,ff02::1:ffb4:ecbf,nopr,[0],1,1,0,1,32,0,256,0,1,0
2015-12-04 14:12:33,2015-12-04 14:12:33,fe80::21a:4dff:fea3:e21d,ff02::1:ffa3:e21d,nopr,[0],1,1,0,1,32,0,256,0,1,0
2015-12-04 14:12:33,2015-12-04 14:12:33,fe80::21c:c0ff:fecf:fda0,ff02::1:ffcf:fda0,nopr,[0],1,1,0,1,32,0,256,0,1,0
2015-12-04 14:12:33,2015-12-04 14:12:33,fe80::227:eff:fe04:3acb,ff02::202,nopr,[0],1,1,0,1,32,0,256,0,1,0
2015-12-04 14:12:33,2015-12-04 14:12:33,fe80::3a60:77ff:fe72:3bed,ff02::1:ff72:3bed,nopr,[0],1,1,0,1,32,0,256,0,1,0
2015-12-04 14:12:33,2015-12-04 14:12:33,fe80::3a60:77ff:fe60:6837,ff02::1:ff60:6837,nopr,[0],1,1,0,1,32,0,256,0,1,0
2015-12-04 14:12:33,2015-12-04 14:12:33,fe80::3a60:77ff:fe72:669f,ff02::1:ff72:669f,nopr,[0],1,1,0,1,32,0,256,0,1,0
2015-12-04 14:12:33,2015-12-04 14:12:33,fe80::49c7:c46e:2b03:7fd0,ff02::1:ff03:7fd0,nopr,[0],1,1,0,1,32,0,256,0,1,0
2015-12-02 18:09:02,2015-12-02 18:09:02,10.10.10.3,10.10.10.2,icmp,[0],1,1,0,100,800,0,64,0,100,1
2015-12-02 18:09:02,2015-12-02 18:09:02,10.10.10.2,10.10.10.3,icmp,[0],1,1,0,100,800,0,64,0,100,1
2015-12-02 18:09:02,2015-12-02 18:09:02,10.10.10.3,10.10.10.2,icmp,[0],1,1,0,100,800,0,64,0,100,1
2015-12-02 18:09:02,2015-12-02 18:09:02,10.10.10.2,10.10.10.3,icmp,[0],1,1,0,100,800,0,64,0,100,1
2015-12-02 18:09:02,2015-12-02 18:09:02,10.10.10.2,10.10.10.3,icmp,[0],1,1,0,100,800,0,64,0,100,1
2015-12-02 18:09:02,2015-12-02 18:09:02,10.10.10.3,10.10.10.2,icmp,[0],1,1,0,100,800,0,64,0,100,1
2015-12-02 18:09:02,2015-12-02 18:09:02,10.10.10.3,10.10.10.2,icmp,[0],1,1,0,100,800,0,64,0,100,1
2015-12-02 18:09:02,2015-12-02 18:09:02,10.10.10.2,10.10.10.3,icmp,[0],1,1,0,100,800,0,64,0,100,1
2015-12-02 18:09:02,2015-12-02 18:09:02,10.10.10.2,10.10.10.3,icmp,[0],1,1,0,100,800,0,64,0,100,1
2015-12-02 18:09:02,2015-12-02 18:09:02,10.10.10.3,10.10.10.2,icmp,[0],1,1,0,100,800,0,64,0,100,1
2015-12-02 18:09:02,2015-12-02 18:09:02,10.10.10.3,10.10.10.2,icmp,[0],1,1,0,100,800,0,64,0,100,1
2015-12-02 18:09:02,2015-12-02 18:09:02,10.10.10.2,10.10.10.3,icmp,[0],1,1,0,100,800,0,64,0,100,1
2015-12-02 18:09:02,2015-12-02 18:09:02,10.10.10.2,10.10.10.3,icmp,[0],1,1,0,100,800,0,64,0,100,1
2015-12-02 18:09:02,2015-12-02 18:09:02,10.10.10.3,10.10.10.2,icmp,[0],1,1,0,100,800,0,64,0,100,1
2015-12-02 18:09:02,2015-12-02 18:09:02,10.10.10.3,10.10.10.2,icmp,[0],1,1,0,100,800,0,64,0,100,1
2015-12-02 18:09:02,2015-12-02 18:09:02,10.10.10.2,10.10.10.3,icmp,[0],1,1,0,100,800,0,64,0,100,1
2015-12-02 18:09:02,2015-12-02 18:09:02,10.10.10.3,10.10.10.2,icmp,[0],1,1,0,100,800,0,64,0,100,1
2015-12-02 18:09:02,2015-12-02 18:09:02,10.10.10.2,10.10.10.3,icmp,[0],1,1,0,100,800,0,64,0,100,1
2015-12-02 18:09:02,2015-12-02 18:09:02,10.10.10.2,10.10.10.3,icmp,[0],1,1,0,100,800,0,64,0,100,1
2015-12-02 18:09:02,2015-12-02 18:09:02,10.10.10.3,10.10.10.2,icmp,[0],1,1,0,100,800,0,64,0,100,1
2015-12-02 18:09:02,2015-12-02 18:09:02,10.10.10.2,10.10.10.3,icmp,[0],1,1,0,100,800,0,64,0,100,1
2015-12-02 18:09:02,2015-12-02 18:09:02,10.10.10.3,10.10.10.2,icmp,[0],1,1,0,100,800,0,64,0,100,1
2015-12-02 18:09:02,2015-12-02 18:09:02,10.10.10.2,10.10.10.3,icmp,[0],1,1,0,100,800,0,64,0,100,1
2015-12-02 18:09:02,2015-12-02 18:09:02,10.10.10.3,10.10.10.2,icmp,[0],1,1,0,100,800,0,64,0,100,1
2015-12-02 18:09:02,2015-12-02 18:09:02,10.10.10.2,10.10.10.3,icmp,[0],1,1,0,100,800,0,64,0,100,1
2015-12-02 18:09:02,2015-12-02 18:09:02,10.10.10.3,10.10.10.2,icmp,[0],1,1,0,100,800,0,64,0,100,1
2015-12-02 18:09:02,2015-12-02 18:09:02,10.10.10.2,10.10.10.3,icmp,[0],1,1,0,100,800,0,64,0,100,1
2015-12-02 18:09:02,2015-12-02 18:09:02,10.10.10.3,10.10.10.2,icmp,[0],1,1,0,100,800,0,64,0,100,1
2015-12-02 18:09:02,2015-12-02 18:09:02,10.10.10.3,10.10.10.2,icmp,[0],1,1,0,100,800,0,64,0,100,1
2015-12-02 18:09:02,2015-12-02 18:09:02,10.10.10.2,10.10.10.3,icmp,[0],1,1,0,100,800,0,64,0,100,1
2015-12-02 18:09:02,2015-12-02 18:09:02,10.10.10.2,10.10.10.3,icmp,[0],1,1,0,100,800,0,64,0,100,1
2015-12-02 18:09:02,2015-12-02 18:09:02,10.10.10.3,10.10.10.2,icmp,[0],1,1,0,100,800,0,64,0,100,1
2015-12-02 18:09:02,2015-12-02 18:09:02,10.10.10.2,10.10.10.3,icmp,[0],1,1,0,100,800,0,64,0,100,1
2015-12-02 18:09:02,2015-12-02 18:09:02,10.10.10.3,10.10.10.2,icmp,[0],1,1,0,100,800,0,64,0,100,1
2015-12-02 18:09:02,2015-12-02 18:09:02,10.10.10.3,10.10.10.2,icmp,[0],1,1,0,100,800,0,64,0,100,1
2015-12-02 18:09:02,2015-12-02 18:09:02,10.10.10.2,10.10.10.3,icmp,[0],1,1,0,100,800,0,64,0,100,1
2015-12-02 18:09:02,2015-12-02 18:09:02,10.10.10.2,10.10.10.3,icmp,[0],1,1,0,100,800,0,64,0,100,1
2015-12-02 18:09:02,2015-12-02 18:09:02,10.10.10.3,10.10.10.2,icmp,[0],1,1,0,100,800,0,64,0,100,1
2015-12-02 18:09:02,2015-12-02 18:09:02,10.10.10.2,10.10.10.3,icmp,[0],1,1,0,100,800,0,64,0,100,1
2015-12-02 18:09:02,2015-12-02 18:09:02,10.10.10.3,10.10.10.2,icmp,[0],1,1,0,100,800,0,64,0,100,1
2015-12-02 18:09:02,2015-12-02 18:09:02,10.10.10.3,10.10.10.2,icmp,[0],1,1,0,100,800,0,64,0,100,1
2015-12-02 18:09:02,2015-12-02 18:09:02,10.10.10.2,10.10.10.3,icmp,[0],1,1,0,100,800,0,64,0,100,1
2015-12-02 18:09:02,2015-12-02 18:09:02,10.10.10.3,10.10.10.2,icmp,[0],1,1,0,100,800,0,64,0,100,1
2015-12-02 18:09:02,2015-12-02 18:09:02,10.10.10.2,10.10.10.3,icmp,[0],1,1,0,100,800,0,64,0,100,1
2015-12-02 18:09:02,2015-12-02 18:09:02,10.10.10.3,10.10.10.2,icmp,[0],1,1,0,100,800,0,64,0,100,1
2015-12-02 18:09:02,2015-12-02 18:09:02,10.10.10.2,10.10.10.3,icmp,[0],1,1,0,100,800,0,64,0,100,1
2015-12-02 18:09:02,2015-12-02 18:09:02,10.10.10.3,10.10.10.2,icmp,[0],1,1,0,100,800,0,64,0,100,1
2015-12-02 18:09:02,2015-12-02 18:09:02,10.10.10.2,10.10.10.3,icmp,[0],1,1,0,100,800,0,64,0,100,1
2015-12-02 18:09:02,2015-12-02 18:09:02,10.10.10.2,10.10.10.3,icmp,[0],1,1,0,100,800,0,64,0,100,1
2015-12-02 18:09:02,2015-12-02 18:09:02,10.10.10.3,10.10.10.2,icmp,[0],1,1,0,98,784,0,64,0,98,1
2015-11-30 16:34:40,2015-11-30 17:34:59,10.10.10.3,10.10.10.3,tcp,"[0, 0, 2, 0, 0, 0]",1,1,3619,2183626,43672520,96541,160,603,2,1
2015-11-30 16:35:00,2015-11-30 17:35:59,10.10.10.3,10.10.10.3,tcp,"[0, 0, 2, 0, 0, 0]",1,1,3659,3339106,66782120,146012,160,913,2,1
2015-11-30 16:36:00,2015-11-30 17:36:59,10.10.10.3,10.10.10.3,tcp,"[0, 0, 2, 0, 0, 0]",1,1,3659,3246588,64931760,141966,160,887,2,1
2015-11-30 16:37:00,2015-11-30 17:37:59,10.10.10.3,10.10.10.3,tcp,"[0, 0, 2, 0, 0, 0]",1,1,3659,3331745,66634900,145690,160,911,2,1
2015-11-30 16:38:00,2015-11-30 17:38:48,10.10.10.3,10.10.10.3,tcp,"[0, 0, 2, 0, 0, 0]",1,1,3648,3084360,61687200,135279,160,845,2,1
2015-11-30 16:39:00,2015-11-30 16:39:59,10.10.10.3,10.10.10.3,tcp,"[0, 0, 1, 0, 0, 0]",1,1,59,1650375,33007500,4475593,160,27972,1,1
2015-11-30 16:40:00,2015-11-30 16:40:59,10.10.10.3,10.10.10.3,tcp,"[0, 0, 1, 0, 0, 0]",1,1,59,1645501,32910020,4462376,160,27890,1,1
2015-11-30 16:41:00,2015-11-30 16:41:59,10.10.10.3,10.10.10.3,tcp,"[0, 0, 1, 0, 0, 0]",1,1,59,1653001,33060020,4482715,160,28017,1,1
2015-11-30 16:42:00,2015-11-30 16:42:59,10.10.10.3,10.10.10.3,tcp,"[0, 0, 1, 0, 0, 0]",1,1,59,1694118,33882360,4594218,160,28714,1,1
2015-11-30 16:43:00,2015-11-30 16:43:59,10.10.10.3,10.10.10.3,tcp,"[0, 0, 2, 0, 0, 0]",1,1,59,1701255,34025100,4613573,160,28835,2,1
2015-11-30 16:44:00,2015-11-30 16:44:59,10.10.10.3,10.10.10.3,tcp,"[0, 0, 1, 0, 0, 0]",1,1,59,1732310,34646200,4697790,160,29361,1,1
2015-11-30 16:45:00,2015-11-30 16:45:59,10.10.10.3,10.10.10.3,tcp,"[0, 0, 1, 0, 0, 0]",1,1,59,1656008,33120160,4490869,160,28068,1,1
2015-11-30 16:46:00,2015-11-30 16:46:59,10.10.10.3,10.10.10.3,tcp,"[0, 0, 1, 0, 0, 0]",1,1,59,1792077,35841540,4859870,160,30374,1,1
2015-11-30 16:47:00,2015-11-30 16:47:59,10.10.10.3,10.10.10.3,tcp,"[0, 0, 1, 0, 0, 0]",1,1,59,1809926,36198520,4908274,160,30677,1,1
2015-11-30 16:48:00,2015-11-30 16:48:59,10.10.10.3,10.10.10.3,tcp,"[0, 0, 1, 0, 0, 0]",1,1,59,1672755,33455100,4536285,160,28352,1,1
2015-11-30 16:49:00,2015-11-30 16:49:59,10.10.10.3,10.10.10.3,tcp,"[0, 0, 1, 0, 0, 0]",1,1,59,1661430,33228600,4505573,160,28160,1,1
2015-11-30 16:50:00,2015-11-30 16:50:59,10.10.10.3,10.10.10.3,tcp,"[0, 0, 1, 0, 0, 0]",1,1,59,1743949,34878980,4729353,160,29558,1,1
2015-11-30 16:51:00,2015-11-30 16:51:59,10.10.10.3,10.10.10.3,tcp,"[0, 0, 2, 0, 0, 0]",1,1,59,1722643,34452860,4671574,160,29197,2,1
2015-11-30 16:52:00,2015-11-30 16:52:59,10.10.10.3,10.10.10.3,tcp,"[0, 0, 1, 0, 0, 0]",1,1,59,1703249,34064980,4618980,160,28869,1,1
2015-11-30 16:53:00,2015-11-30 16:53:59,10.10.10.3,10.10.10.3,tcp,"[0, 0, 1, 0, 0, 0]",1,1,59,1748085,34961700,4740569,160,29629,1,1
2015-11-30 16:54:00,2015-11-30 16:54:59,10.10.10.3,10.10.10.3,tcp,"[0, 0, 1, 0, 0, 0]",1,1,59,1785209,35704180,4841245,160,30258,1,1
2015-11-30 16:55:00,2015-11-30 16:55:59,10.10.10.3,10.10.10.3,tcp,"[0, 0, 1, 0, 0, 0]",1,1,59,1702479,34049580,4616892,160,28856,1,1
2015-11-30 16:56:00,2015-11-30 16:56:59,10.10.10.3,10.10.10.3,tcp,"[0, 0, 1, 0, 0, 0]",1,1,59,1642206,32844120,4453440,160,27834,1,1
2015-11-30 16:57:00,2015-11-30 16:57:59,10.10.10.3,10.10.10.3,tcp,"[0, 0, 1, 0, 0, 0]",1,1,59,1763695,35273900,4782902,160,29893,1,1
2015-11-30 16:58:00,2015-11-30 16:58:59,10.10.10.3,10.10.10.3,tcp,"[0, 0, 1, 0, 0, 0]",1,1,59,1653195,33063900,4483241,160,28020,1,1
2015-11-30 16:59:00,2015-11-30 16:59:59,10.10.10.3,10.10.10.3,tcp,"[0, 0, 2, 0, 0, 0]",1,1,59,1745285,34905700,4732976,160,29581,2,1
2015-11-30 17:00:00,2015-11-30 17:00:59,10.10.10.3,10.10.10.3,tcp,"[0, 0, 1, 0, 0, 0]",1,1,59,1751309,35026180,4749313,160,29683,1,1
2015-11-30 17:01:00,2015-11-30 17:01:59,10.10.10.3,10.10.10.3,tcp,"[0, 0, 1, 0, 0, 0]",1,1,59,1654420,33088400,4486563,160,28041,1,1
2015-11-30 17:02:00,2015-11-30 17:02:59,10.10.10.3,10.10.10.3,tcp,"[0, 0, 1, 0, 0, 0]",1,1,59,1714207,34284140,4648697,160,29054,1,1
2015-11-30 17:03:00,2015-11-30 17:03:59,10.10.10.3,10.10.10.3,tcp,"[0, 0, 1, 0, 0, 0]",1,1,59,1731962,34639240,4696846,160,29355,1,1
2015-11-30 17:04:00,2015-11-30 17:04:59,10.10.10.3,10.10.10.3,tcp,"[0, 0, 1, 0, 0, 0]",1,1,59,1769318,35386360,4798151,160,29988,1,1
2015-11-30 17:05:00,2015-11-30 17:05:59,10.10.10.3,10.10.10.3,tcp,"[0, 0, 1, 0, 0, 0]",1,1,59,1734989,34699780,4705055,160,29407,1,1
2015-11-30 17:06:00,2015-11-30 17:06:59,10.10.10.3,10.10.10.3,tcp,"[0, 0, 1, 0, 0, 0]",1,1,59,1751626,35032520,4750172,160,29689,1,1
2015-11-30 17:07:00,2015-11-30 17:07:59,10.10.10.3,10.10.10.3,tcp,"[0, 0, 2, 0, 0, 0]",1,1,59,1716169,34323380,4654018,160,29088,2,1
2015-11-30 17:08:00,2015-11-30 17:08:59,10.10.10.3,10.10.10.3,tcp,"[0, 0, 1, 0, 0, 0]",1,1,59,1736853,34737060,4710110,160,29438,1,1
2015-11-30 17:09:00,2015-11-30 17:09:59,10.10.10.3,10.10.10.3,tcp,"[0, 0, 1, 0, 0, 0]",1,1,59,1702624,34052480,4617285,160,28858,1,1
2015-11-30 17:10:00,2015-11-30 17:10:59,10.10.10.3,10.10.10.3,tcp,"[0, 0, 1, 0, 0, 0]",1,1,59,1720776,34415520,4666511,160,29166,1,1
2015-11-30 17:11:00,2015-11-30 17:11:59,10.10.10.3,10.10.10.3,tcp,"[0, 0, 1, 0, 0, 0]",1,1,59,1655666,33113320,4489942,160,28062,1,1
2015-11-30 17:12:00,2015-11-30 17:12:59,10.10.10.3,10.10.10.3,tcp,"[0, 0, 1, 0, 0, 0]",1,1,59,1713566,34271320,4646959,160,29043,1,1
2015-11-30 17:13:00,2015-11-30 17:13:59,10.10.10.3,10.10.10.3,tcp,"[0, 0, 1, 0, 0, 0]",1,1,59,1762224,35244480,4778913,160,29868,1,1
2015-11-30 17:14:00,2015-11-30 17:14:59,10.10.10.3,10.10.10.3,tcp,"[0, 0, 1, 0, 0, 0]",1,1,59,1637485,32749700,4440637,160,27754,1,1
2015-11-30 17:15:00,2015-11-30 17:15:59,10.10.10.3,10.10.10.3,tcp,"[0, 0, 2, 0, 0, 0]",1,1,59,1712622,34252440,4644399,160,29027,2,1
2015-11-30 17:16:00,2015-11-30 17:16:59,10.10.10.3,10.10.10.3,tcp,"[0, 0, 1, 0, 0, 0]",1,1,59,1670169,33403380,4529272,160,28308,1,1
2015-11-30 17:17:00,2015-11-30 17:17:59,10.10.10.3,10.10.10.3,tcp,"[0, 0, 1, 0, 0, 0]",1,1,59,1765674,35313480,4788268,160,29927,1,1
2015-11-30 17:18:00,2015-11-30 17:18:59,10.10.10.3,10.10.10.3,tcp,"[0, 0, 1, 0, 0, 0]",1,1,59,1524232,30484640,4133511,160,25834,1,1
2015-11-30 17:19:00,2015-11-30 17:19:59,10.10.10.3,10.10.10.3,tcp,"[0, 0, 1, 0, 0, 0]",1,1,59,1619970,32399400,4393139,160,27457,1,1
2015-11-30 17:20:00,2015-11-30 17:20:59,10.10.10.3,10.10.10.3,tcp,"[0, 0, 1, 0, 0, 0]",1,1,59,1656547,33130940,4492331,160,28077,1,1
2015-11-30 17:21:00,2015-11-30 17:21:59,10.10.10.3,10.10.10.3,tcp,"[0, 0, 1, 0, 0, 0]",1,1,59,1673925,33478500,4539458,160,28372,1,1
2015-11-30 17:22:00,2015-11-30 17:22:59,10.10.10.3,10.10.10.3,tcp,"[0, 0, 1, 0, 0, 0]",1,1,59,1670598,33411960,4530435,160,28315,1,1
2015-11-30 17:23:00,2015-11-30 17:23:59,10.10.10.3,10.10.10.3,tcp,"[0, 0, 1, 0, 0, 0]",1,1,59,1728128,34562560,4686449,160,29290,1,1
2015-12-01 23:00:47,2015-12-01 23:00:49,146.164.69.175,146.164.69.174,tcp,"[100, 0, 0, 100, 0, 100]",3,96,2,100,2000,8000,160,50,100,1
2015-12-01 23:00:47,2015-12-01 23:00:49,146.164.69.174,146.164.69.175,tcp,"[0, 100, 0, 0, 100, 0]",99,2,2,100,2000,8000,160,50,100,1
2015-12-01 23:00:49,2015-12-01 23:00:49,146.164.69.175,146.164.69.174,tcp,"[100, 0, 0, 100, 0, 100]",1,100,0,100,2000,0,160,0,100,1
2015-12-01 23:00:49,2015-12-01 23:00:49,146.164.69.174,146.164.69.175,tcp,"[0, 100, 0, 0, 100, 0]",100,1,0,100,2000,0,160,0,100,1
2015-12-01 23:00:49,2015-12-01 23:00:49,146.164.69.175,146.164.69.174,tcp,"[100, 0, 0, 100, 0, 100]",1,100,0,100,2000,0,160,0,100,1
2015-12-01 23:00:49,2015-12-01 23:00:49,146.164.69.174,146.164.69.175,tcp,"[0, 100, 0, 0, 100, 0]",100,1,0,100,2000,0,160,0,100,1
2015-12-01 23:00:49,2015-12-01 23:00:49,146.164.69.175,146.164.69.174,tcp,"[100, 0, 0, 100, 0, 100]",1,100,0,100,2000,0,160,0,100,1
2015-12-01 23:00:49,2015-12-01 23:00:49,146.164.69.174,146.164.69.175,tcp,"[0, 100, 0, 0, 100, 0]",100,1,0,100,2000,0,160,0,100,1
2015-12-01 23:00:49,2015-12-01 23:00:49,146.164.69.175,146.164.69.174,tcp,"[100, 0, 0, 100, 0, 100]",1,100,0,100,2000,0,160,0,100,1
2015-12-01 23:00:49,2015-12-01 23:00:49,146.164.69.174,146.164.69.175,tcp,"[0, 100, 0, 0, 100, 0]",100,1,0,100,2000,0,160,0,100,1
2015-12-01 23:00:49,2015-12-01 23:00:49,146.164.69.175,146.164.69.174,tcp,"[100, 0, 0, 100, 0, 100]",1,100,0,100,2000,0,160,0,100,1
2015-12-01 23:00:49,2015-12-01 23:00:49,146.164.69.174,146.164.69.175,tcp,"[0, 100, 0, 0, 100, 0]",100,1,0,100,2000,0,160,0,100,1
2015-12-01 23:00:49,2015-12-01 23:00:49,146.164.69.175,146.164.69.174,tcp,"[100, 0, 0, 100, 0, 100]",1,100,0,100,2000,0,160,0,100,1
2015-12-01 23:00:49,2015-12-01 23:00:49,146.164.69.174,146.164.69.175,tcp,"[0, 100, 0, 0, 100, 0]",100,1,0,100,2000,0,160,0,100,1
2015-12-01 23:00:49,2015-12-01 23:00:49,146.164.69.175,146.164.69.174,tcp,"[100, 0, 0, 100, 0, 100]",1,100,0,100,2000,0,160,0,100,1
2015-12-01 23:00:49,2015-12-01 23:00:49,146.164.69.174,146.164.69.175,tcp,"[0, 100, 0, 0, 100, 0]",100,1,0,100,2000,0,160,0,100,1
2015-12-01 23:00:49,2015-12-01 23:00:51,146.164.69.175,146.164.69.174,tcp,"[100, 0, 0, 100, 0, 100]",3,96,2,100,2000,8000,160,50,100,1
2015-12-01 23:00:49,2015-12-01 23:00:51,146.164.69.174,146.164.69.175,tcp,"[0, 100, 0, 0, 100, 0]",99,2,2,100,2000,8000,160,50,100,1
2015-12-01 23:00:51,2015-12-01 23:00:51,146.164.69.175,146.164.69.174,tcp,"[100, 0, 0, 100, 0, 100]",1,100,0,100,2000,0,160,0,100,1
2015-12-01 23:00:51,2015-12-01 23:00:51,146.164.69.174,146.164.69.175,tcp,"[0, 100, 0, 0, 100, 0]",100,1,0,100,2000,0,160,0,100,1
2015-12-01 23:00:51,2015-12-01 23:00:51,146.164.69.175,146.164.69.174,tcp,"[100, 0, 0, 100, 0, 100]",1,100,0,100,2000,0,160,0,100,1
2015-12-01 23:00:51,2015-12-01 23:00:51,146.164.69.174,146.164.69.175,tcp,"[0, 100, 0, 0, 100, 0]",100,1,0,100,2000,0,160,0,100,1
2015-12-01 23:00:51,2015-12-01 23:00:51,146.164.69.175,146.164.69.174,tcp,"[100, 0, 0, 100, 0, 100]",1,100,0,100,2000,0,160,0,100,1
2015-12-01 23:00:51,2015-12-01 23:00:51,146.164.69.174,146.164.69.175,tcp,"[0, 100, 0, 0, 100, 0]",100,1,0,100,2000,0,160,0,100,1
2015-12-01 23:00:51,2015-12-01 23:00:51,146.164.69.175,146.164.69.174,tcp,"[100, 0, 0, 100, 0, 100]",1,100,0,100,2000,0,160,0,100,1
2015-12-01 23:00:51,2015-12-01 23:00:51,146.164.69.174,146.164.69.175,tcp,"[0, 100, 0, 0, 100, 0]",100,1,0,100,2000,0,160,0,100,1
2015-12-01 23:00:51,2015-12-01 23:00:51,146.164.69.175,146.164.69.174,tcp,"[100, 0, 0, 100, 0, 100]",1,100,0,100,2000,0,160,0,100,1
2015-12-01 23:00:51,2015-12-01 23:00:51,146.164.69.174,146.164.69.175,tcp,"[0, 100, 0, 0, 100, 0]",100,1,0,100,2000,0,160,0,100,1
2015-12-01 23:00:51,2015-12-01 23:00:51,146.164.69.175,146.164.69.174,tcp,"[100, 0, 0, 100, 0, 100]",1,100,0,100,2000,0,160,0,100,1
2015-12-01 23:00:51,2015-12-01 23:00:51,146.164.69.174,146.164.69.175,tcp,"[0, 100, 0, 0, 100, 0]",100,1,0,100,2000,0,160,0,100,1
2015-12-01 23:00:51,2015-12-01 23:00:51,146.164.69.175,146.164.69.174,tcp,"[100, 0, 0, 100, 0, 100]",1,100,0,100,2000,0,160,0,100,1
2015-12-01 23:00:51,2015-12-01 23:00:51,146.164.69.174,146.164.69.175,tcp,"[0, 100, 0, 0, 100, 0]",100,1,0,100,2000,0,160,0,100,1
2015-12-01 23:00:51,2015-12-01 23:00:53,146.164.69.175,146.164.69.174,tcp,"[100, 0, 0, 100, 0, 100]",3,96,2,100,2000,8000,160,50,100,1
2015-12-01 23:00:51,2015-12-01 23:00:53,146.164.69.174,146.164.69.175,tcp,"[0, 100, 0, 0, 100, 0]",100,2,2,100,2000,8000,160,50,100,1
2015-12-01 23:00:53,2015-12-01 23:00:53,146.164.69.175,146.164.69.174,tcp,"[100, 0, 0, 100, 0, 100]",1,100,0,100,2000,0,160,0,100,1
2015-12-01 23:00:53,2015-12-01 23:00:53,146.164.69.174,146.164.69.175,tcp,"[0, 100, 0, 0, 100, 0]",100,1,0,100,2000,0,160,0,100,1
2015-12-01 23:00:53,2015-12-01 23:00:53,146.164.69.175,146.164.69.174,tcp,"[100, 0, 0, 100, 0, 100]",1,100,0,100,2000,0,160,0,100,1
2015-12-01 23:00:53,2015-12-01 23:00:53,146.164.69.174,146.164.69.175,tcp,"[0, 100, 0, 0, 100, 0]",100,1,0,100,2000,0,160,0,100,1
2015-12-01 23:00:53,2015-12-01 23:00:53,146.164.69.175,146.164.69.174,tcp,"[100, 0, 0, 100, 0, 100]",1,100,0,100,2000,0,160,0,100,1
2015-12-01 23:00:53,2015-12-01 23:00:53,146.164.69.174,146.164.69.175,tcp,"[0, 100, 0, 0, 100, 0]",100,1,0,100,2000,0,160,0,100,1
2015-12-01 23:00:53,2015-12-01 23:00:53,146.164.69.175,146.164.69.174,tcp,"[100, 0, 0, 100, 0, 100]",1,100,0,100,2000,0,160,0,100,1
2015-12-01 23:00:53,2015-12-01 23:00:53,146.164.69.174,146.164.69.175,tcp,"[0, 100, 0, 0, 100, 0]",100,1,0,100,2000,0,160,0,100,1
2015-12-01 23:00:53,2015-12-01 23:00:53,146.164.69.175,146.164.69.174,tcp,"[100, 0, 0, 100, 0, 100]",1,100,0,100,2000,0,160,0,100,1
2015-12-01 23:00:53,2015-12-01 23:00:53,146.164.69.174,146.164.69.175,tcp,"[0, 100, 0, 0, 100, 0]",100,1,0,100,2000,0,160,0,100,1
2015-12-01 23:00:53,2015-12-01 23:00:53,146.164.69.175,146.164.69.174,tcp,"[100, 0, 0, 100, 0, 100]",1,100,0,100,2000,0,160,0,100,1
2015-12-01 23:00:53,2015-12-01 23:00:53,146.164.69.174,146.164.69.175,tcp,"[0, 100, 0, 0, 100, 0]",100,1,0,100,2000,0,160,0,100,1
2015-12-01 23:00:53,2015-12-01 23:00:53,146.164.69.175,146.164.69.174,tcp,"[100, 0, 0, 100, 0, 100]",1,100,0,100,2000,0,160,0,100,1
2015-12-01 23:00:53,2015-12-01 23:00:55,146.164.69.174,146.164.69.175,tcp,"[0, 100, 0, 0, 100, 0]",100,2,2,100,2000,8000,160,50,100,1
2015-12-01 23:00:53,2015-12-01 23:00:55,146.164.69.175,146.164.69.174,tcp,"[100, 0, 0, 100, 0, 100]",3,97,2,100,2000,8000,160,50,100,1
2015-12-01 23:00:55,2015-12-01 23:00:55,146.164.69.175,146.164.69.174,tcp,"[53, 0, 0, 53, 0, 53]",1,53,0,53,1060,0,160,0,53,1
2015-11-30 18:21:02,2015-11-30 18:21:03,10.10.10.2,10.10.10.3,tcp,"[0, 0, 100, 0, 0, 0]",100,100,1,341,6820,54560,160,341,100,1
2015-11-30 18:21:02,2015-11-30 18:21:03,10.10.10.2,10.10.10.3,tcp,"[0, 0, 100, 0, 0, 0]",100,100,1,334,6680,53440,160,334,100,1
2015-11-30 18:21:02,2015-11-30 18:21:03,10.10.10.2,10.10.10.3,tcp,"[0, 0, 100, 0, 0, 0]",100,100,1,332,6640,53120,160,332,100,1
2015-11-30 18:21:02,2015-11-30 18:21:03,10.10.10.2,10.10.10.3,tcp,"[0, 0, 100, 0, 0, 0]",100,100,1,347,6940,55520,160,347,100,1
2015-11-30 18:21:02,2015-11-30 18:21:03,10.10.10.2,10.10.10.3,tcp,"[0, 0, 100, 0, 0, 0]",100,100,1,369,7380,59040,160,369,100,1
2015-11-30 18:21:03,2015-11-30 18:21:03,10.10.10.2,10.10.10.3,tcp,"[0, 0, 100, 0, 0, 0]",100,100,0,401,8020,0,160,0,100,1
2015-11-30 18:21:03,2015-11-30 18:21:03,10.10.10.2,10.10.10.3,tcp,"[0, 0, 100, 0, 0, 0]",100,100,0,389,7780,0,160,0,100,1
2015-11-30 18:21:03,2015-11-30 18:21:03,10.10.10.2,10.10.10.3,tcp,"[0, 0, 100, 0, 0, 0]",99,100,0,310,6200,0,160,0,100,1
2015-11-30 18:21:03,2015-11-30 18:21:03,10.10.10.2,10.10.10.3,tcp,"[0, 0, 100, 0, 0, 0]",99,100,0,315,6300,0,160,0,100,1
2015-11-30 18:21:03,2015-11-30 18:21:03,10.10.10.2,10.10.10.3,tcp,"[0, 0, 100, 0, 0, 0]",100,100,0,415,8300,0,160,0,100,1
2015-11-30 18:21:03,2015-11-30 18:21:03,10.10.10.2,10.10.10.3,tcp,"[0, 0, 100, 0, 0, 0]",99,100,0,285,5700,0,160,0,100,1
2015-11-30 18:21:03,2015-11-30 18:21:03,10.10.10.2,10.10.10.3,tcp,"[0, 0, 100, 0, 0, 0]",100,100,0,302,6040,0,160,0,100,1
2015-11-30 18:21:03,2015-11-30 18:21:03,10.10.10.2,10.10.10.3,tcp,"[0, 0, 100, 0, 0, 0]",100,100,0,353,7060,0,160,0,100,1
2015-11-30 18:21:03,2015-11-30 18:21:03,10.10.10.2,10.10.10.3,tcp,"[0, 0, 100, 0, 0, 0]",100,100,0,353,7060,0,160,0,100,1
2015-11-30 18:21:03,2015-11-30 18:21:03,10.10.10.2,10.10.10.3,tcp,"[0, 0, 100, 0, 0, 0]",100,100,0,340,6800,0,160,0,100,1
2015-11-30 18:21:03,2015-11-30 18:21:03,10.10.10.2,10.10.10.3,tcp,"[0, 0, 100, 0, 0, 0]",100,100,0,340,6800,0,160,0,100,1
2015-11-30 18:21:03,2015-11-30 18:21:03,10.10.10.2,10.10.10.3,tcp,"[0, 0, 100, 0, 0, 0]",100,100,0,315,6300,0,160,0,100,1
2015-11-30 18:21:03,2015-11-30 18:21:03,10.10.10.2,10.10.10.3,tcp,"[0, 0, 100, 0, 0, 0]",99,100,0,323,6460,0,160,0,100,1
2015-11-30 18:21:03,2015-11-30 18:21:03,10.10.10.2,10.10.10.3,tcp,"[0, 0, 100, 0, 0, 0]",100,100,0,321,6420,0,160,0,100,1
2015-11-30 18:21:03,2015-11-30 18:21:03,10.10.10.2,10.10.10.3,tcp,"[0, 0, 100, 0, 0, 0]",100,100,0,407,8140,0,160,0,100,1
2015-11-30 18:21:03,2015-11-30 18:21:03,10.10.10.2,10.10.10.3,tcp,"[0, 0, 100, 0, 0, 0]",100,100,0,412,8240,0,160,0,100,1
2015-11-30 18:21:03,2015-11-30 18:21:03,10.10.10.2,10.10.10.3,tcp,"[0, 0, 100, 0, 0, 0]",100,100,0,406,8120,0,160,0,100,1
2015-11-30 18:21:03,2015-11-30 18:21:03,10.10.10.2,10.10.10.3,tcp,"[0, 0, 100, 0, 0, 0]",100,100,0,406,8120,0,160,0,100,1
2015-11-30 18:21:03,2015-11-30 18:21:03,10.10.10.2,10.10.10.3,tcp,"[0, 0, 100, 0, 0, 0]",100,100,0,306,6120,0,160,0,100,1
2015-11-30 18:21:03,2015-11-30 18:21:03,10.10.10.2,10.10.10.3,tcp,"[0, 0, 100, 0, 0, 0]",100,100,0,210,4200,0,160,0,100,1
2015-11-30 18:21:03,2015-11-30 18:21:03,10.10.10.2,10.10.10.3,tcp,"[0, 0, 100, 0, 0, 0]",100,100,0,212,4240,0,160,0,100,1
2015-11-30 18:21:03,2015-11-30 18:21:03,10.10.10.2,10.10.10.3,tcp,"[0, 0, 100, 0, 0, 0]",100,100,0,204,4080,0,160,0,100,1
2015-11-30 18:21:03,2015-11-30 18:21:03,10.10.10.2,10.10.10.3,tcp,"[0, 0, 100, 0, 0, 0]",100,100,0,204,4080,0,160,0,100,1
2015-11-30 18:21:03,2015-11-30 18:21:03,10.10.10.2,10.10.10.3,tcp,"[0, 0, 100, 0, 0, 0]",100,100,0,206,4120,0,160,0,100,1
2015-11-30 18:21:03,2015-11-30 18:21:03,10.10.10.2,10.10.10.3,tcp,"[0, 0, 100, 0, 0, 0]",100,100,0,213,4260,0,160,0,100,1
2015-11-30 18:21:03,2015-11-30 18:21:03,10.10.10.2,10.10.10.3,tcp,"[0, 0, 100, 0, 0, 0]",100,100,0,221,4420,0,160,0,100,1
2015-11-30 18:21:03,2015-11-30 18:21:03,10.10.10.2,10.10.10.3,tcp,"[0, 0, 100, 0, 0, 0]",100,100,0,217,4340,0,160,0,100,1
2015-11-30 18:21:03,2015-11-30 18:21:03,10.10.10.2,10.10.10.3,tcp,"[0, 0, 100, 0, 0, 0]",100,100,0,206,4120,0,160,0,100,1
2015-11-30 18:21:03,2015-11-30 18:21:03,10.10.10.2,10.10.10.3,tcp,"[0, 0, 100, 0, 0, 0]",100,100,0,149,2980,0,160,0,100,1
2015-11-30 18:21:03,2015-11-30 18:21:03,10.10.10.2,10.10.10.3,tcp,"[0, 0, 100, 0, 0, 0]",100,100,0,100,2000,0,160,0,100,1
2015-11-30 18:21:03,2015-11-30 18:21:03,10.10.10.2,10.10.10.3,tcp,"[0, 0, 100, 0, 0, 0]",100,100,0,123,2460,0,160,0,100,1
2015-11-30 18:21:03,2015-11-30 18:21:03,10.10.10.2,10.10.10.3,tcp,"[0, 0, 100, 0, 0, 0]",100,100,0,126,2520,0,160,0,100,1
2015-11-30 18:21:03,2015-11-30 18:21:03,10.10.10.2,10.10.10.3,tcp,"[0, 0, 100, 0, 0, 0]",100,100,0,119,2380,0,160,0,100,1
2015-11-30 18:21:03,2015-11-30 18:21:03,10.10.10.2,10.10.10.3,tcp,"[0, 0, 100, 0, 0, 0]",100,100,0,101,2020,0,160,0,100,1
2015-11-30 18:21:03,2015-11-30 18:21:04,10.10.10.2,10.10.10.3,tcp,"[0, 0, 100, 0, 0, 0]",100,100,1,135,2700,21600,160,135,100,1
2015-11-30 18:21:03,2015-11-30 18:21:04,10.10.10.2,10.10.10.3,tcp,"[0, 0, 100, 0, 0, 0]",100,100,1,705,14100,112800,160,705,100,1
2015-11-30 18:21:03,2015-11-30 18:21:04,10.10.10.2,10.10.10.3,tcp,"[0, 0, 100, 0, 0, 0]",100,100,1,736,14720,117760,160,736,100,1
2015-11-30 18:21:03,2015-11-30 18:21:04,10.10.10.2,10.10.10.3,tcp,"[0, 0, 100, 0, 0, 0]",99,100,1,763,15260,122080,160,763,100,1
2015-11-30 18:21:03,2015-11-30 18:21:04,10.10.10.2,10.10.10.3,tcp,"[0, 0, 100, 0, 0, 0]",100,100,1,775,15500,124000,160,775,100,1
2015-11-30 18:21:03,2015-11-30 18:21:04,10.10.10.2,10.10.10.3,tcp,"[0, 0, 100, 0, 0, 0]",100,100,1,686,13720,109760,160,686,100,1
2015-11-30 18:21:03,2015-11-30 18:21:04,10.10.10.2,10.10.10.3,tcp,"[0, 0, 100, 0, 0, 0]",100,100,1,833,16660,133280,160,833,100,1
2015-11-30 18:21:04,2015-11-30 18:21:04,10.10.10.2,10.10.10.3,tcp,"[0, 0, 100, 0, 0, 0]",100,100,0,762,15240,0,160,0,100,1
2015-11-30 18:21:04,2015-11-30 18:21:04,10.10.10.2,10.10.10.3,tcp,"[0, 0, 100, 0, 0, 0]",99,100,0,772,15440,0,160,0,100,1
2015-11-30 18:21:04,2015-11-30 18:21:04,10.10.10.2,10.10.10.3,tcp,"[0, 0, 100, 0, 0, 0]",100,100,0,767,15340,0,160,0,100,1
2015-11-30 18:21:04,2015-11-30 18:21:04,10.10.10.2,10.10.10.3,tcp,"[0, 0, 100, 0, 0, 0]",99,100,0,785,15700,0,160,0,100,1
2015-11-30 17:31:05,2015-11-30 17:31:05,10.10.10.3,146.164.69.165,icmp,[0],1,1,0,100,13600,0,1088,0,100,1
2015-11-30 17:31:05,2015-11-30 17:31:05,10.10.10.3,146.164.69.165,icmp,[0],1,1,0,100,13600,0,1088,0,100,1
2015-11-30 17:31:05,2015-11-30 17:31:05,10.10.10.3,146.164.69.165,icmp,[0],1,1,0,100,13600,0,1088,0,100,1
2015-11-30 17:31:05,2015-11-30 17:31:05,10.10.10.3,146.164.69.165,icmp,[0],1,1,0,100,13600,0,1088,0,100,1
2015-11-30 17:31:05,2015-11-30 17:31:05,10.10.10.3,146.164.69.165,icmp,[0],1,1,0,100,13600,0,1088,0,100,1
2015-11-30 17:31:05,2015-11-30 17:31:05,10.10.10.3,146.164.69.165,icmp,[0],1,1,0,100,13600,0,1088,0,100,1
2015-11-30 17:31:05,2015-11-30 17:31:05,10.10.10.3,146.164.69.165,icmp,[0],1,1,0,100,13600,0,1088,0,100,1
2015-11-30 17:31:05,2015-11-30 17:31:05,10.10.10.3,146.164.69.165,icmp,[0],1,1,0,100,13600,0,1088,0,100,1
2015-11-30 17:31:05,2015-11-30 17:31:05,10.10.10.3,146.164.69.165,icmp,[0],1,1,0,100,13600,0,1088,0,100,1
2015-11-30 17:31:05,2015-11-30 17:31:05,10.10.10.3,146.164.69.165,icmp,[0],1,1,0,100,13600,0,1088,0,100,1
2015-11-30 17:31:05,2015-11-30 17:31:05,10.10.10.3,146.164.69.165,icmp,[0],1,1,0,100,13600,0,1088,0,100,1
2015-11-30 17:31:05,2015-11-30 17:31:05,10.10.10.3,146.164.69.165,icmp,[0],1,1,0,100,13600,0,1088,0,100,1
2015-11-30 17:31:05,2015-11-30 17:31:05,10.10.10.3,146.164.69.165,icmp,[0],1,1,0,100,13600,0,1088,0,100,1
2015-11-30 17:31:05,2015-11-30 17:31:06,10.10.10.3,146.164.69.165,icmp,[0],1,1,1,100,13600,108800,1088,100,100,1
2015-11-30 17:31:06,2015-11-30 17:31:06,10.10.10.3,146.164.69.165,icmp,[0],1,1,0,100,13600,0,1088,0,100,1
2015-11-30 17:31:06,2015-11-30 17:31:06,10.10.10.3,146.164.69.165,icmp,[0],1,1,0,100,13600,0,1088,0,100,1
2015-11-30 17:31:06,2015-11-30 17:31:06,10.10.10.3,146.164.69.165,icmp,[0],1,1,0,100,13600,0,1088,0,100,1
2015-11-30 17:31:06,2015-11-30 17:31:06,10.10.10.3,146.164.69.165,icmp,[0],1,1,0,100,13600,0,1088,0,100,1
2015-11-30 17:31:06,2015-11-30 17:31:06,10.10.10.3,146.164.69.165,icmp,[0],1,1,0,100,13600,0,1088,0,100,1
2015-11-30 17:31:06,2015-11-30 17:31:06,10.10.10.3,146.164.69.165,icmp,[0],1,1,0,100,13600,0,1088,0,100,1
2015-11-30 17:31:06,2015-11-30 17:31:06,10.10.10.3,146.164.69.165,icmp,[0],1,1,0,100,13600,0,1088,0,100,1
2015-11-30 17:31:06,2015-11-30 17:31:06,10.10.10.3,146.164.69.165,icmp,[0],1,1,0,100,13600,0,1088,0,100,1
2015-11-30 17:31:06,2015-11-30 17:31:06,10.10.10.3,146.164.69.165,icmp,[0],1,1,0,100,13600,0,1088,0,100,1
2015-11-30 17:31:06,2015-11-30 17:31:06,10.10.10.3,146.164.69.165,icmp,[0],1,1,0,100,13600,0,1088,0,100,1
2015-11-30 17:31:06,2015-11-30 17:31:06,10.10.10.3,146.164.69.165,icmp,[0],1,1,0,100,13600,0,1088,0,100,1
2015-11-30 17:31:06,2015-11-30 17:31:06,10.10.10.3,146.164.69.165,icmp,[0],1,1,0,100,13600,0,1088,0,100,1
2015-11-30 17:31:06,2015-11-30 17:31:06,10.10.10.3,146.164.69.165,icmp,[0],1,1,0,100,13600,0,1088,0,100,1
2015-11-30 17:31:06,2015-11-30 17:31:06,10.10.10.3,146.164.69.165,icmp,[0],1,1,0,100,13600,0,1088,0,100,1
2015-11-30 17:31:06,2015-11-30 17:31:06,10.10.10.3,146.164.69.165,icmp,[0],1,1,0,100,13600,0,1088,0,100,1
2015-11-30 17:31:06,2015-11-30 17:31:06,10.10.10.3,146.164.69.165,icmp,[0],1,1,0,100,13600,0,1088,0,100,1
2015-11-30 17:31:06,2015-11-30 17:31:06,10.10.10.3,146.164.69.165,icmp,[0],1,1,0,100,13600,0,1088,0,100,1
2015-11-30 17:31:06,2015-11-30 17:31:06,10.10.10.3,146.164.69.165,icmp,[0],1,1,0,100,13600,0,1088,0,100,1
2015-11-30 17:31:06,2015-11-30 17:31:06,10.10.10.3,146.164.69.165,icmp,[0],1,1,0,100,13600,0,1088,0,100,1
2015-11-30 17:31:06,2015-11-30 17:31:06,10.10.10.3,146.164.69.165,icmp,[0],1,1,0,100,13600,0,1088,0,100,1
2015-11-30 17:31:06,2015-11-30 17:31:06,10.10.10.3,146.164.69.165,icmp,[0],1,1,0,100,13600,0,1088,0,100,1
2015-11-30 17:31:06,2015-11-30 17:31:06,10.10.10.3,146.164.69.165,icmp,[0],1,1,0,100,13600,0,1088,0,100,1
2015-11-30 17:31:06,2015-11-30 17:31:06,10.10.10.3,146.164.69.165,icmp,[0],1,1,0,100,13600,0,1088,0,100,1
2015-11-30 17:31:06,2015-11-30 17:31:06,10.10.10.3,146.164.69.165,icmp,[0],1,1,0,100,13600,0,1088,0,100,1
2015-11-30 17:31:06,2015-11-30 17:31:06,10.10.10.3,146.164.69.165,icmp,[0],1,1,0,100,13600,0,1088,0,100,1
2015-11-30 17:31:06,2015-11-30 17:31:06,10.10.10.3,146.164.69.165,icmp,[0],1,1,0,100,13600,0,1088,0,100,1
2015-11-30 17:31:06,2015-11-30 17:31:06,10.10.10.3,146.164.69.165,icmp,[0],1,1,0,100,13600,0,1088,0,100,1
2015-11-30 17:31:06,2015-11-30 17:31:06,10.10.10.3,146.164.69.165,icmp,[0],1,1,0,100,13600,0,1088,0,100,1
2015-11-30 17:31:06,2015-11-30 17:31:06,10.10.10.3,146.164.69.165,icmp,[0],1,1,0,100,13600,0,1088,0,100,1
2015-11-30 17:31:06,2015-11-30 17:31:06,10.10.10.3,146.164.69.165,icmp,[0],1,1,0,100,13600,0,1088,0,100,1
2015-11-30 17:31:06,2015-11-30 17:31:06,10.10.10.3,146.164.69.165,icmp,[0],1,1,0,100,13600,0,1088,0,100,1
2015-11-30 17:31:06,2015-11-30 17:31:06,10.10.10.3,146.164.69.165,icmp,[0],1,1,0,100,13600,0,1088,0,100,1
2015-11-30 17:31:06,2015-11-30 17:31:06,10.10.10.3,146.164.69.165,icmp,[0],1,1,0,100,13600,0,1088,0,100,1
2015-11-30 17:31:06,2015-11-30 17:31:06,10.10.10.3,146.164.69.165,icmp,[0],1,1,0,100,13600,0,1088,0,100,1
2015-11-30 17:31:06,2015-11-30 17:31:06,10.10.10.3,146.164.69.165,icmp,[0],1,1,0,100,13600,0,1088,0,100,1
2015-11-30 17:31:06,2015-11-30 17:31:06,10.10.10.3,146.164.69.165,icmp,[0],1,1,0,100,13600,0,1088,0,100,1
2015-12-02 16:20:20,2015-12-02 16:20:34,228.226.152.83,10.10.10.3,tcp,"[0, 0, 100, 0, 0, 0]",100,1,14,190,3800,2171,160,14,100,1
2015-12-02 16:20:20,2015-12-02 16:20:25,228.226.152.83,10.10.10.3,tcp,"[0, 0, 100, 0, 0, 0]",100,1,5,203,4060,6496,160,41,100,1
2015-12-02 16:20:20,2015-12-02 16:20:36,228.226.152.83,10.10.10.3,tcp,"[0, 0, 100, 0, 0, 0]",100,1,16,209,4180,2090,160,13,100,1
2015-12-02 16:20:20,2015-12-02 16:20:51,228.226.152.83,10.10.10.3,tcp,"[0, 0, 100, 0, 0, 0]",100,1,31,207,4140,1068,160,7,100,1
2015-12-02 16:20:20,2015-12-02 16:20:24,228.226.152.83,10.10.10.3,tcp,"[0, 0, 100, 0, 0, 0]",100,1,4,227,4540,9080,160,57,100,1
2015-12-02 16:20:20,2015-12-02 16:20:43,228.226.152.83,10.10.10.3,tcp,"[0, 0, 100, 0, 0, 0]",100,1,23,187,3740,1301,160,8,100,1
2015-12-02 16:20:20,2015-12-02 16:20:33,228.226.152.83,10.10.10.3,tcp,"[0, 0, 100, 0, 0, 0]",100,1,13,205,4100,2523,160,16,100,1
2015-12-02 16:20:20,2015-12-02 16:20:20,228.226.152.83,10.10.10.3,tcp,"[0, 0, 100, 0, 0, 0]",100,1,0,203,4060,0,160,0,100,1
2015-12-02 16:20:20,2015-12-02 16:20:56,228.226.152.83,10.10.10.3,tcp,"[0, 0, 100, 0, 0, 0]",100,1,36,203,4060,902,160,6,100,1
2015-12-02 16:20:20,2015-12-02 16:20:34,228.226.152.83,10.10.10.3,tcp,"[0, 0, 100, 0, 0, 0]",100,1,14,207,4140,2366,160,15,100,1
2015-12-02 16:20:20,2015-12-02 16:20:56,228.226.152.83,10.10.10.3,tcp,"[0, 0, 100, 0, 0, 0]",100,1,36,201,4020,893,160,6,100,1
2015-12-02 16:20:20,2015-12-02 16:20:20,228.226.152.83,10.10.10.3,tcp,"[0, 0, 100, 0, 0, 0]",100,1,0,192,3840,0,160,0,100,1
2015-12-02 16:20:20,2015-12-02 16:20:25,228.226.152.83,10.10.10.3,tcp,"[0, 0, 100, 0, 0, 0]",100,1,5,197,3940,6304,160,39,100,1
2015-12-02 16:20:21,2015-12-02 16:20:21,228.226.152.83,10.10.10.3,tcp,"[0, 0, 100, 0, 0, 0]",100,1,0,188,3760,0,160,0,100,1
2015-12-02 16:20:21,2015-12-02 16:20:30,228.226.152.83,10.10.10.3,tcp,"[0, 0, 100, 0, 0, 0]",100,1,9,208,4160,3698,160,23,100,1
2015-12-02 16:20:21,2015-12-02 16:20:22,228.226.152.83,10.10.10.3,tcp,"[0, 0, 100, 0, 0, 0]",100,1,1,182,3640,29120,160,182,100,1
2015-12-02 16:20:21,2015-12-02 16:20:33,228.226.152.83,10.10.10.3,tcp,"[0, 0, 100, 0, 0, 0]",100,1,12,202,4040,2693,160,17,100,1
2015-12-02 16:20:21,2015-12-02 16:20:53,228.226.152.83,10.10.10.3,tcp,"[0, 0, 100, 0, 0, 0]",100,1,32,182,3640,910,160,6,100,1
2015-12-02 16:20:21,2015-12-02 16:20:26,228.226.152.83,10.10.10.3,tcp,"[0, 0, 100, 0, 0, 0]",100,1,5,196,3920,6272,160,39,100,1
2015-12-02 16:20:21,2015-12-02 16:20:29,228.226.152.83,10.10.10.3,tcp,"[0, 0, 100, 0, 0, 0]",100,1,8,211,4220,4220,160,26,100,1
2015-12-02 16:20:21,2015-12-02 16:20:58,228.226.152.83,10.10.10.3,tcp,"[0, 0, 100, 0, 0, 0]",100,1,37,198,3960,856,160,5,100,1
2015-12-02 16:20:21,2015-12-02 16:20:39,228.226.152.83,10.10.10.3,tcp,"[0, 0, 100, 0, 0, 0]",100,1,18,185,3700,1644,160,10,100,1
2015-12-02 16:20:21,2015-12-02 16:20:52,228.226.152.83,10.10.10.3,tcp,"[0, 0, 100, 0, 0, 0]",100,1,31,196,3920,1012,160,6,100,1
2015-12-02 16:20:21,2015-12-02 16:20:26,228.226.152.83,10.10.10.3,tcp,"[0, 0, 100, 0, 0, 0]",100,1,5,189,3780,6048,160,38,100,1
2015-12-02 16:20:21,2015-12-02 16:20:44,228.226.152.83,10.10.10.3,tcp,"[0, 0, 100, 0, 0, 0]",100,1,23,210,4200,1461,160,9,100,1
2015-12-02 16:20:21,2015-12-02 16:20:52,228.226.152.83,10.10.10.3,tcp,"[0, 0, 100, 0, 0, 0]",100,1,31,190,3800,981,160,6,100,1
2015-12-02 16:20:21,2015-12-02 16:20:32,228.226.152.83,10.10.10.3,tcp,"[0, 0, 100, 0, 0, 0]",100,1,11,176,3520,2560,160,16,100,1
2015-12-02 16:20:21,2015-12-02 16:20:21,228.226.152.83,10.10.10.3,tcp,"[0, 0, 100, 0, 0, 0]",100,1,0,190,3800,0,160,0,100,1
2015-12-02 16:20:21,2015-12-02 16:20:31,228.226.152.83,10.10.10.3,tcp,"[0, 0, 100, 0, 0, 0]",100,1,10,196,3920,3136,160,20,100,1
2015-12-02 16:20:22,2015-12-02 16:20:22,228.226.152.83,10.10.10.3,tcp,"[0, 0, 100, 0, 0, 0]",100,1,0,199,3980,0,160,0,100,1
2015-12-02 16:20:22,2015-12-02 16:20:51,228.226.152.83,10.10.10.3,tcp,"[0, 0, 100, 0, 0, 0]",100,1,29,183,3660,1010,160,6,100,1
2015-12-02 16:20:22,2015-12-02 16:20:22,228.226.152.83,10.10.10.3,tcp,"[0, 0, 100, 0, 0, 0]",100,1,0,191,3820,0,160,0,100,1
2015-12-02 16:20:22,2015-12-02 16:20:47,228.226.152.83,10.10.10.3,tcp,"[0, 0, 100, 0, 0, 0]",100,1,25,208,4160,1331,160,8,100,1
2015-12-02 16:20:22,2015-12-02 16:20:49,228.226.152.83,10.10.10.3,tcp,"[0, 0, 100, 0, 0, 0]",100,1,27,192,3840,1138,160,7,100,1
2015-12-02 16:20:22,2015-12-02 16:20:22,228.226.152.83,10.10.10.3,tcp,"[0, 0, 100, 0, 0, 0]",100,1,0,173,3460,0,160,0,100,1
2015-12-02 16:20:22,2015-12-02 16:20:22,228.226.152.83,10.10.10.3,tcp,"[0, 0, 100, 0, 0, 0]",100,1,0,186,3720,0,160,0,100,1
2015-12-02 16:20:22,2015-12-02 16:20:41,228.226.152.83,10.10.10.3,tcp,"[0, 0, 100, 0, 0, 0]",100,1,19,187,3740,1575,160,10,100,1
2015-12-02 16:20:22,2015-12-02 16:20:33,228.226.152.83,10.10.10.3,tcp,"[0, 0, 100, 0, 0, 0]",100,1,11,195,3900,2836,160,18,100,1
2015-12-02 16:20:22,2015-12-02 16:20:44,228.226.152.83,10.10.10.3,tcp,"[0, 0, 100, 0, 0, 0]",100,1,22,180,3600,1309,160,8,100,1
2015-12-02 16:20:22,2015-12-02 16:20:51,228.226.152.83,10.10.10.3,tcp,"[0, 0, 100, 0, 0, 0]",100,1,29,182,3640,1004,160,6,100,1
2015-12-02 16:20:22,2015-12-02 16:20:52,228.226.152.83,10.10.10.3,tcp,"[0, 0, 100, 0, 0, 0]",100,1,30,196,3920,1045,160,7,100,1
2015-12-02 16:20:22,2015-12-02 16:20:56,228.226.152.83,10.10.10.3,tcp,"[0, 0, 100, 0, 0, 0]",100,1,34,186,3720,875,160,5,100,1
2015-12-02 16:20:22,2015-12-02 16:20:22,228.226.152.83,10.10.10.3,tcp,"[0, 0, 100, 0, 0, 0]",100,1,0,195,3900,0,160,0,100,1
2015-12-02 16:20:22,2015-12-02 16:20:23,228.226.152.83,10.10.10.3,tcp,"[0, 0, 100, 0, 0, 0]",100,1,1,179,3580,28640,160,179,100,1
2015-12-02 16:20:23,2015-12-02 16:20:23,228.226.152.83,10.10.10.3,tcp,"[0, 0, 100, 0, 0, 0]",100,1,0,199,3980,0,160,0,100,1
2015-12-02 16:20:23,2015-12-02 16:20:41,228.226.152.83,10.10.10.3,tcp,"[0, 0, 100, 0, 0, 0]",100,1,18,192,3840,1707,160,11,100,1
2015-12-02 16:20:23,2015-12-02 16:20:23,228.226.152.83,10.10.10.3,tcp,"[0, 0, 100, 0, 0, 0]",100,1,0,187,3740,0,160,0,100,1
2015-12-02 16:20:23,2015-12-02 16:20:38,228.226.152.83,10.10.10.3,tcp,"[0, 0, 100, 0, 0, 0]",100,1,15,204,4080,2176,160,14,100,1
2015-12-02 16:20:23,2015-12-02 16:20:23,228.226.152.83,10.10.10.3,tcp,"[0, 0, 100, 0, 0, 0]",100,1,0,191,3820,0,160,0,100,1
2015-12-02 16:20:23,2015-12-02 16:20:37,228.226.152.83,10.10.10.3,tcp,"[0, 0, 100, 0, 0, 0]",100,1,14,189,3780,2160,160,14,100,1
2015-11-30 20:04:52,2015-11-30 20:04:52,10.10.10.3,10.10.10.2,icmp,[0],1,1,0,1,60,0,480,0,1,1
2015-11-30 20:05:23,2015-11-30 20:05:53,10.10.10.3,10.10.10.2,icmp,[0],1,1,30,2,120,32,480,0,2,1
2015-11-30 20:06:23,2015-11-30 20:06:53,10.10.10.3,10.10.10.2,icmp,[0],1,1,30,2,120,32,480,0,2,1
2015-11-30 20:07:23,2015-11-30 20:07:53,10.10.10.3,10.10.10.2,icmp,[0],1,1,30,2,120,32,480,0,2,1
2015-11-30 20:08:23,2015-11-30 20:08:53,10.10.10.3,10.10.10.2,icmp,[0],1,1,30,2,120,32,480,0,2,1
2015-11-30 20:09:23,2015-11-30 20:09:53,10.10.10.3,10.10.10.2,icmp,[0],1,1,30,2,120,32,480,0,2,1
2015-11-30 20:10:23,2015-11-30 20:10:53,10.10.10.3,10.10.10.2,icmp,[0],1,1,30,2,120,32,480,0,2,1
2015-11-30 20:11:24,2015-11-30 20:11:54,10.10.10.3,10.10.10.2,icmp,[0],1,1,30,2,120,32,480,0,2,1
2015-11-30 20:12:24,2015-11-30 20:12:54,10.10.10.3,10.10.10.2,icmp,[0],1,1,30,2,120,32,480,0,2,1
2015-11-30 20:13:24,2015-11-30 20:13:54,10.10.10.3,10.10.10.2,icmp,[0],1,1,30,2,120,32,480,0,2,1
2015-11-30 20:14:24,2015-11-30 20:14:54,10.10.10.3,10.10.10.2,icmp,[0],1,1,30,2,120,32,480,0,2,1
2015-11-30 20:15:24,2015-11-30 20:15:54,10.10.10.3,10.10.10.2,icmp,[0],1,1,30,2,120,32,480,0,2,1
2015-11-30 20:16:24,2015-11-30 20:16:54,10.10.10.3,10.10.10.2,icmp,[0],1,1,30,2,120,32,480,0,2,1
2015-11-30 20:17:24,2015-11-30 20:17:55,10.10.10.3,10.10.10.2,icmp,[0],1,1,31,2,120,31,480,0,2,1
2015-11-30 20:18:25,2015-11-30 20:18:55,10.10.10.3,10.10.10.2,icmp,[0],1,1,30,2,120,32,480,0,2,1
2015-11-30 20:19:25,2015-11-30 20:19:55,10.10.10.3,10.10.10.2,icmp,[0],1,1,30,2,120,32,480,0,2,1
2015-11-30 20:20:25,2015-11-30 20:20:55,10.10.10.3,10.10.10.2,icmp,[0],1,1,30,2,120,32,480,0,2,1
2015-11-30 20:21:25,2015-11-30 20:21:55,10.10.10.3,10.10.10.2,icmp,[0],1,1,30,2,120,32,480,0,2,1
2015-11-30 20:22:25,2015-11-30 20:22:55,10.10.10.3,10.10.10.2,icmp,[0],1,1,30,2,120,32,480,0,2,1
2015-11-30 20:23:25,2015-11-30 20:23:56,10.10.10.3,10.10.10.2,icmp,[0],1,1,31,2,120,31,480,0,2,1
2015-11-30 20:24:26,2015-11-30 20:24:56,10.10.10.3,10.10.10.2,icmp,[0],1,1,30,2,120,32,480,0,2,1
2015-11-30 20:25:26,2015-11-30 20:25:56,10.10.10.3,10.10.10.2,icmp,[0],1,1,30,2,120,32,480,0,2,1
2015-11-30 20:26:26,2015-11-30 20:26:56,10.10.10.3,10.10.10.2,icmp,[0],1,1,30,2,120,32,480,0,2,1
2015-11-30 20:27:26,2015-11-30 20:27:56,10.10.10.3,10.10.10.2,icmp,[0],1,1,30,2,120,32,480,0,2,1
2015-11-30 20:27:33,2015-11-30 20:27:33,fe80::21c:c0ff:feb0:195b,ff02::fb,udp,[0],1,1,0,1,53,0,424,0,1,1
2015-11-30 20:27:48,2015-11-30 20:27:48,10.10.10.2,224.0.0.251,udp,[0],1,1,0,1,53,0,424,0,1,1
2015-11-30 20:28:26,2015-11-30 20:28:56,10.10.10.3,10.10.10.2,icmp,[0],1,1,30,2,120,32,480,0,2,1
2015-11-30 20:29:26,2015-11-30 20:29:56,10.10.10.3,10.10.10.2,icmp,[0],1,1,30,2,120,32,480,0,2,1
2015-11-30 20:30:27,2015-11-30 20:30:57,10.10.10.3,10.10.10.2,icmp,[0],1,1,30,2,120,32,480,0,2,1
2015-11-30 20:31:27,2015-11-30 20:31:57,10.10.10.3,10.10.10.2,icmp,[0],1,1,30,2,120,32,480,0,2,1
2015-11-30 20:32:27,2015-11-30 20:32:57,10.10.10.3,10.10.10.2,icmp,[0],1,1,30,2,120,32,480,0,2,1
2015-11-30 20:33:27,2015-11-30 20:33:57,10.10.10.3,10.10.10.2,icmp,[0],1,1,30,2,120,32,480,0,2,1
2015-11-30 20:34:27,2015-11-30 20:34:57,10.10.10.3,10.10.10.2,icmp,[0],1,1,30,2,120,32,480,0,2,1
2015-11-30 20:35:27,2015-11-30 20:35:57,10.10.10.3,10.10.10.2,icmp,[0],1,1,30,2,120,32,480,0,2,1
2015-11-30 20:36:28,2015-11-30 20:36:58,10.10.10.3,10.10.10.2,icmp,[0],1,1,30,2,120,32,480,0,2,1
2015-11-30 20:37:28,2015-11-30 20:37:58,10.10.10.3,10.10.10.2,icmp,[0],1,1,30,2,120,32,480,0,2,1
2015-11-30 20:38:28,2015-11-30 20:38:58,10.10.10.3,10.10.10.2,icmp,[0],1,1,30,2,120,32,480,0,2,1
2015-11-30 20:39:28,2015-11-30 20:39:58,10.10.10.3,10.10.10.2,icmp,[0],1,1,30,2,120,32,480,0,2,1
2015-11-30 20:40:28,2015-11-30 20:40:58,10.10.10.3,10.10.10.2,icmp,[0],1,1,30,2,120,32,480,0,2,1
2015-11-30 20:41:28,2015-11-30 20:41:58,10.10.10.3,10.10.10.2,icmp,[0],1,1,30,2,120,32,480,0,2,1
2015-11-30 20:42:28,2015-11-30 20:42:59,10.10.10.3,10.10.10.2,icmp,[0],1,1,31,2,120,31,480,0,2,1
2015-11-30 20:43:29,2015-11-30 20:43:59,10.10.10.3,10.10.10.2,icmp,[0],1,1,30,2,120,32,480,0,2,1
2015-11-30 20:44:29,2015-11-30 20:44:59,10.10.10.3,10.10.10.2,icmp,[0],1,1,30,2,120,32,480,0,2,1
2015-11-30 20:45:29,2015-11-30 20:45:59,10.10.10.3,10.10.10.2,icmp,[0],1,1,30,2,120,32,480,0,2,1
2015-11-30 20:46:29,2015-11-30 20:46:59,10.10.10.3,10.10.10.2,icmp,[0],1,1,30,2,120,32,480,0,2,1
2015-11-30 20:47:29,2015-11-30 20:47:59,10.10.10.3,10.10.10.2,icmp,[0],1,1,30,2,120,32,480,0,2,1
2015-11-30 20:48:29,2015-11-30 20:48:29,10.10.10.3,10.10.10.2,icmp,[0],1,1,0,1,60,0,480,0,1,1
2015-11-30 20:49:00,2015-11-30 20:49:30,10.10.10.3,10.10.10.2,icmp,[0],1,1,30,2,120,32,480,0,2,1
2015-11-30 20:50:00,2015-11-30 20:50:30,10.10.10.3,10.10.10.2,icmp,[0],1,1,30,2,120,32,480,0,2,1
2015-11-30 20:51:00,2015-11-30 20:51:30,10.10.10.3,10.10.10.2,icmp,[0],1,1,30,2,120,32,480,0,2,1
2015-12-07 11:03:38,2015-12-07 11:03:59,10.10.10.2,10.10.10.3,udp,[0],100,1,21,4000,32000,12190,64,190,100,1
2015-12-07 11:03:38,2015-12-07 11:03:59,10.10.10.2,10.10.10.3,udp,[0],100,1,21,4000,32000,12190,64,190,100,1
2015-12-07 11:03:38,2015-12-07 11:03:59,10.10.10.2,10.10.10.3,udp,[0],100,1,21,4000,32000,12190,64,190,100,1
2015-12-07 11:03:38,2015-12-07 11:03:59,10.10.10.2,10.10.10.3,udp,[0],100,1,21,4000,32000,12190,64,190,100,1
2015-12-07 11:03:38,2015-12-07 11:03:59,10.10.10.2,10.10.10.3,udp,[0],100,1,21,4000,32000,12190,64,190,100,1
2015-12-07 11:03:38,2015-12-07 11:03:59,10.10.10.2,10.10.10.3,udp,[0],100,1,21,4000,32000,12190,64,190,100,1
2015-12-07 11:03:38,2015-12-07 11:03:59,10.10.10.2,10.10.10.3,udp,[0],100,1,21,4000,32000,12190,64,190,100,1
2015-12-07 11:03:38,2015-12-07 11:03:59,10.10.10.2,10.10.10.3,udp,[0],100,1,21,4000,32000,12190,64,190,100,1
2015-12-07 11:03:38,2015-12-07 11:03:59,10.10.10.2,10.10.10.3,udp,[0],100,1,21,4000,32000,12190,64,190,100,1
2015-12-07 11:03:38,2015-12-07 11:03:59,10.10.10.2,10.10.10.3,udp,[0],100,1,21,4000,32000,12190,64,190,100,1
2015-12-07 11:03:38,2015-12-07 11:03:59,10.10.10.2,10.10.10.3,udp,[0],100,1,21,4000,32000,12190,64,190,100,1
2015-12-07 11:03:38,2015-12-07 11:03:59,10.10.10.2,10.10.10.3,udp,[0],100,1,21,4000,32000,12190,64,190,100,1
2015-12-07 11:03:38,2015-12-07 11:03:59,10.10.10.2,10.10.10.3,udp,[0],100,1,21,4000,32000,12190,64,190,100,1
2015-12-07 11:03:38,2015-12-07 11:03:59,10.10.10.2,10.10.10.3,udp,[0],100,1,21,4000,32000,12190,64,190,100,1
2015-12-07 11:03:38,2015-12-07 11:03:59,10.10.10.2,10.10.10.3,udp,[0],100,1,21,4000,32000,12190,64,190,100,1
2015-12-07 11:03:38,2015-12-07 11:03:59,10.10.10.2,10.10.10.3,udp,[0],100,1,21,4000,32000,12190,64,190,100,1
2015-12-07 11:03:38,2015-12-07 11:03:59,10.10.10.2,10.10.10.3,udp,[0],100,1,21,4000,32000,12190,64,190,100,1
2015-12-07 11:03:38,2015-12-07 11:03:59,10.10.10.2,10.10.10.3,udp,[0],100,1,21,4000,32000,12190,64,190,100,1
2015-12-07 11:03:38,2015-12-07 11:03:59,10.10.10.2,10.10.10.3,udp,[0],100,1,21,4000,32000,12190,64,190,100,1
2015-12-07 11:03:38,2015-12-07 11:03:59,10.10.10.2,10.10.10.3,udp,[0],100,1,21,4000,32000,12190,64,190,100,1
2015-12-07 11:03:38,2015-12-07 11:03:59,10.10.10.2,10.10.10.3,udp,[0],100,1,21,4000,32000,12190,64,190,100,1
2015-12-07 11:03:38,2015-12-07 11:03:59,10.10.10.2,10.10.10.3,udp,[0],100,1,21,4000,32000,12190,64,190,100,1
2015-12-07 11:03:38,2015-12-07 11:03:59,10.10.10.2,10.10.10.3,udp,[0],100,1,21,4000,32000,12190,64,190,100,1
2015-12-07 11:03:38,2015-12-07 11:03:59,10.10.10.2,10.10.10.3,udp,[0],100,1,21,4000,32000,12190,64,190,100,1
2015-12-07 11:03:38,2015-12-07 11:03:59,10.10.10.2,10.10.10.3,udp,[0],100,1,21,4000,32000,12190,64,190,100,1
2015-12-07 11:03:38,2015-12-07 11:03:59,10.10.10.2,10.10.10.3,udp,[0],100,1,21,4000,32000,12190,64,190,100,1
2015-12-07 11:03:38,2015-12-07 11:03:59,10.10.10.2,10.10.10.3,udp,[0],100,1,21,4000,32000,12190,64,190,100,1
2015-12-07 11:03:38,2015-12-07 11:03:59,10.10.10.2,10.10.10.3,udp,[0],100,1,21,4000,32000,12190,64,190,100,1
2015-12-07 11:03:38,2015-12-07 11:03:59,10.10.10.2,10.10.10.3,udp,[0],100,1,21,4000,32000,12190,64,190,100,1
2015-12-07 11:03:38,2015-12-07 11:03:59,10.10.10.2,10.10.10.3,udp,[0],100,1,21,4000,32000,12190,64,190,100,1
2015-12-07 11:03:38,2015-12-07 11:03:59,10.10.10.2,10.10.10.3,udp,[0],100,1,21,4000,32000,12190,64,190,100,1
2015-12-07 11:03:38,2015-12-07 11:03:59,10.10.10.2,10.10.10.3,udp,[0],100,1,21,4000,32000,12190,64,190,100,1
2015-12-07 11:03:38,2015-12-07 11:03:59,10.10.10.2,10.10.10.3,udp,[0],100,1,21,4000,32000,12190,64,190,100,1
2015-12-07 11:03:38,2015-12-07 11:03:59,10.10.10.2,10.10.10.3,udp,[0],100,1,21,4000,32000,12190,64,190,100,1
2015-12-07 11:03:38,2015-12-07 11:03:59,10.10.10.2,10.10.10.3,udp,[0],100,1,21,4000,32000,12190,64,190,100,1
2015-12-07 11:03:38,2015-12-07 11:03:59,10.10.10.2,10.10.10.3,udp,[0],100,1,21,4000,32000,12190,64,190,100,1
2015-12-07 11:03:38,2015-12-07 11:03:59,10.10.10.2,10.10.10.3,udp,[0],100,1,21,4000,32000,12190,64,190,100,1
2015-12-07 11:03:38,2015-12-07 11:03:59,10.10.10.2,10.10.10.3,udp,[0],100,1,21,4000,32000,12190,64,190,100,1
2015-12-07 11:03:38,2015-12-07 11:03:59,10.10.10.2,10.10.10.3,udp,[0],100,1,21,4000,32000,12190,64,190,100,1
2015-12-07 11:03:38,2015-12-07 11:03:59,10.10.10.2,10.10.10.3,udp,[0],100,1,21,4000,32000,12190,64,190,100,1
2015-12-07 11:03:38,2015-12-07 11:03:59,10.10.10.2,10.10.10.3,udp,[0],100,1,21,4000,32000,12190,64,190,100,1
2015-12-07 11:03:38,2015-12-07 11:03:59,10.10.10.2,10.10.10.3,udp,[0],100,1,21,4000,32000,12190,64,190,100,1
2015-12-07 11:03:38,2015-12-07 11:03:59,10.10.10.2,10.10.10.3,udp,[0],100,1,21,4000,32000,12190,64,190,100,1
2015-12-07 11:03:38,2015-12-07 11:03:59,10.10.10.2,10.10.10.3,udp,[0],100,1,21,4000,32000,12190,64,190,100,1
2015-12-07 11:03:38,2015-12-07 11:03:59,10.10.10.2,10.10.10.3,udp,[0],100,1,21,4000,32000,12190,64,190,100,1
2015-12-07 11:03:38,2015-12-07 11:03:59,10.10.10.2,10.10.10.3,udp,[0],100,1,21,4000,32000,12190,64,190,100,1
2015-12-07 11:03:38,2015-12-07 11:03:59,10.10.10.2,10.10.10.3,udp,[0],100,1,21,4000,32000,12190,64,190,100,1
2015-12-07 11:03:38,2015-12-07 11:03:59,10.10.10.2,10.10.10.3,udp,[0],100,1,21,4000,32000,12190,64,190,100,1
2015-12-07 11:03:38,2015-12-07 11:03:59,10.10.10.2,10.10.10.3,udp,[0],100,1,21,4000,32000,12190,64,190,100,1
2015-12-07 11:03:38,2015-12-07 11:03:59,10.10.10.2,10.10.10.3,udp,[0],100,1,21,4000,32000,12190,64,190,100,1
