ts,te,sa,da,pr,flg,sp,dp,td,ipkt,ibyt,bps,bpp,pps,lbl
2015-11-24 14:01:33,2015-11-24 14:01:59,146.164.69.165,146.164.69.131,tcp,"[0, 1, 0, 0, 0, 1]",998,2049,26494,10292,140993848,42573820,109595,388,0
2015-11-24 14:01:33,2015-11-24 14:01:59,146.164.69.131,146.164.69.165,tcp,"[0, 1, 0, 0, 0, 1]",2049,998,26494,8870,859352,259486,775,335,0
2015-11-24 14:01:33,2015-11-24 14:01:48,146.164.69.225,146.164.69.255,udp,[0],137,137,15401,9,522,271,464,1,0
2015-11-24 14:01:33,2015-11-24 14:01:33,146.164.69.225,224.0.0.252,udp,[0],62609,5355,0.42,2,60,1143,240,5,0
2015-11-24 14:01:33,2015-11-24 14:01:33,146.164.69.225,224.0.0.252,udp,[0],57842,5355,0.42,2,60,1143,240,5,0
2015-11-24 14:01:33,2015-11-24 14:01:33,fe80::1495:d348:7ce8:c904,ff02::1:3,udp,[0],57842,5355,0.42,2,60,1143,240,5,0
2015-11-24 14:01:33,2015-11-24 14:01:33,fe80::1495:d348:7ce8:c904,ff02::1:3,udp,[0],62609,5355,0.42,2,60,1143,240,5,0
2015-11-24 14:01:34,2015-11-24 14:01:59,146.164.69.165,200.237.192.15,tcp,"[0, 1, 0, 0, 0, 0]",59309,80,25843,88958,3274308,1013600,294,3442,0
2015-11-24 14:01:34,2015-11-24 14:01:59,200.237.192.15,146.164.69.165,tcp,"[0, 1, 0, 0, 0, 1]",80,59309,25.82,135395,218044728,67558398,12883,5244,0
2015-11-24 14:01:34,2015-11-24 14:01:34,146.164.69.165,8.8.8.8,icmp,[0],0,2048,0.0,1,64,0,512,0,0
2015-11-24 14:01:34,2015-11-24 14:01:34,8.8.8.8,146.164.69.165,icmp,[0],0,0,0.0,1,64,0,512,0,0
2015-11-24 14:01:35,2015-11-24 14:01:35,146.164.69.165,8.8.8.8,icmp,[0],0,2048,0.0,1,64,0,512,0,0
2015-11-24 14:01:35,2015-11-24 14:01:35,8.8.8.8,146.164.69.165,icmp,[0],0,0,0.0,1,64,0,512,0,0
2015-11-24 14:01:36,2015-11-24 14:01:36,146.164.69.165,8.8.8.8,icmp,[0],0,2048,0.0,1,64,0,512,0,0
2015-11-24 14:01:36,2015-11-24 14:01:36,8.8.8.8,146.164.69.165,icmp,[0],0,0,0.0,1,64,0,512,0,0
2015-11-24 14:01:37,2015-11-24 14:01:37,146.164.69.165,8.8.8.8,icmp,[0],0,2048,0.0,1,64,0,512,0,0
2015-11-24 14:01:37,2015-11-24 14:01:37,8.8.8.8,146.164.69.165,icmp,[0],0,0,0.0,1,64,0,512,0,0
2015-11-24 14:01:38,2015-11-24 14:01:38,146.164.69.165,8.8.8.8,icmp,[0],0,2048,0.0,1,64,0,512,0,0
2015-11-24 14:01:38,2015-11-24 14:01:38,8.8.8.8,146.164.69.165,icmp,[0],0,0,0.0,1,64,0,512,0,0
2015-11-24 14:01:38,2015-11-24 14:01:39,146.164.69.236,224.0.0.252,udp,[0],49967,5355,411,2,60,1168,240,5,0
2015-11-24 14:01:38,2015-11-24 14:01:39,fe80::39d9:38e4:aea0:6cfd,ff02::1:3,udp,[0],49967,5355,411,2,60,1168,240,5,0
2015-11-24 14:01:38,2015-11-24 14:01:39,146.164.69.236,224.0.0.252,udp,[0],50926,5355,0.41,2,60,1171,240,5,0
2015-11-24 14:01:38,2015-11-24 14:01:39,fe80::39d9:38e4:aea0:6cfd,ff02::1:3,udp,[0],50926,5355,0.41,2,60,1171,240,5,0
2015-11-24 14:01:39,2015-11-24 14:01:39,146.164.69.165,8.8.8.8,icmp,[0],0,2048,0.0,1,64,0,512,0,0
2015-11-24 14:01:39,2015-11-24 14:01:39,8.8.8.8,146.164.69.165,icmp,[0],0,0,0.0,1,64,0,512,0,0
2015-11-24 14:01:39,2015-11-24 14:01:39,146.164.69.208,255255255255,udp,[0],38520,138,0.0,1,209,0,1672,0,0
2015-11-24 14:01:40,2015-11-24 14:01:56,146.164.69.165,173.194.27.74,tcp,"[0, 1, 0, 0, 0, 1]",58960,443,16396,831,30934,15093,298,51,0
2015-11-24 14:01:40,2015-11-24 14:01:56,173.194.27.74,146.164.69.165,tcp,"[0, 1, 0, 0, 0, 1]",443,58960,16384,1509,2373004,1158693,12581,92,0
2015-11-24 14:01:40,2015-11-24 14:01:40,146.164.69.165,8.8.8.8,icmp,[0],0,2048,0.0,1,64,0,512,0,0
2015-11-24 14:01:40,2015-11-24 14:01:40,8.8.8.8,146.164.69.165,icmp,[0],0,0,0.0,1,64,0,512,0,0
2015-11-24 14:01:41,2015-11-24 14:01:41,146.164.69.165,8.8.8.8,icmp,[0],0,2048,0.0,1,64,0,512,0,0
2015-11-24 14:01:41,2015-11-24 14:01:41,8.8.8.8,146.164.69.165,icmp,[0],0,0,0.0,1,64,0,512,0,0
2015-11-24 14:01:42,2015-11-24 14:01:42,146.164.69.165,8.8.8.8,icmp,[0],0,2048,0.0,1,64,0,512,0,0
2015-11-24 14:01:42,2015-11-24 14:01:42,fe80::1495:d348:7ce8:c904,ff02::1:3,udp,[0],58241,5355,416,2,60,1154,240,5,0
2015-11-24 14:01:42,2015-11-24 14:01:42,146.164.69.225,224.0.0.252,udp,[0],58241,5355,416,2,60,1154,240,5,0
2015-11-24 14:01:42,2015-11-24 14:01:42,fe80::1495:d348:7ce8:c904,ff02::1:3,udp,[0],63499,5355,416,2,60,1154,240,5,0
2015-11-24 14:01:42,2015-11-24 14:01:42,146.164.69.225,224.0.0.252,udp,[0],63499,5355,415,2,60,1157,240,5,0
2015-11-24 14:01:42,2015-11-24 14:01:42,8.8.8.8,146.164.69.165,icmp,[0],0,0,0.0,1,64,0,512,0,0
2015-11-24 14:01:42,2015-11-24 14:01:43,fe80::1495:d348:7ce8:c904,ff02::1:3,udp,[0],55418,5355,421,2,72,1368,288,5,0
2015-11-24 14:01:42,2015-11-24 14:01:43,146.164.69.225,224.0.0.252,udp,[0],53576,5355,421,2,72,1368,288,5,0
2015-11-24 14:01:42,2015-11-24 14:01:43,fe80::1495:d348:7ce8:c904,ff02::1:3,udp,[0],53576,5355,421,2,72,1368,288,5,0
2015-11-24 14:01:42,2015-11-24 14:01:43,146.164.69.225,224.0.0.252,udp,[0],55418,5355,422,2,72,1365,288,5,0
2015-11-24 14:01:43,2015-11-24 14:01:43,146.164.69.165,8.8.8.8,icmp,[0],0,2048,0.0,1,64,0,512,0,0
2015-11-24 14:01:43,2015-11-24 14:01:44,146.164.69.236,146.164.69.255,udp,[0],137,137,1506,3,174,924,464,2,0
2015-11-24 14:01:43,2015-11-24 14:01:43,8.8.8.8,146.164.69.165,icmp,[0],0,0,0.0,1,64,0,512,0,0
2015-11-24 14:01:44,2015-11-24 14:01:44,146.164.69.165,8.8.8.8,icmp,[0],0,2048,0.0,1,64,0,512,0,0
2015-11-24 14:01:44,2015-11-24 14:01:44,146.164.69.198,255255255255,udp,[0],57991,138,0.0,1,209,0,1672,0,0
2015-11-24 14:01:44,2015-11-24 14:01:44,8.8.8.8,146.164.69.165,icmp,[0],0,0,0.0,1,64,0,512,0,0
2015-11-24 14:01:45,2015-11-24 14:01:45,146.164.69.165,8.8.8.8,icmp,[0],0,2048,0.0,1,64,0,512,0,0
2015-11-24 14:01:45,2015-11-24 14:01:45,8.8.8.8,146.164.69.165,icmp,[0],0,0,0.0,1,64,0,512,0,0
2015-11-24 14:01:46,2015-11-24 14:01:46,146.164.69.165,8.8.8.8,icmp,[0],0,2048,0.0,1,64,0,512,0,0
2015-11-24 14:01:46,2015-11-24 14:01:46,8.8.8.8,146.164.69.165,icmp,[0],0,0,0.0,1,64,0,512,0,0
2015-11-24 14:01:46,2015-11-24 14:01:46,fe80::215:17ff:fec5:2974,ff02::1,nopr,[0],0,0,0.0,1,32,0,256,0,0
2015-11-24 14:01:46,2015-11-24 14:01:46,fe80::a62:66ff:fe99:c87f,ff02::1:ff2d:8231,nopr,[0],0,0,0.0,1,32,0,256,0,0
2015-11-24 14:01:46,2015-11-24 14:01:46,0.0.0.0,224.0.0.1,igmp,[0],0,0,0.0,1,8,0,64,0,0
2015-11-24 14:01:46,2015-11-24 14:01:46,fe80::21c:c0ff:feb0:195b,ff02::fb,nopr,[0],0,0,0.0,1,32,0,256,0,0
2015-11-24 14:01:46,2015-11-24 14:01:46,fe80::76d4:35ff:fefc:e38a,ff02::1:fffc:e38a,nopr,[0],0,0,0.0,1,32,0,256,0,0
2015-11-24 14:01:46,2015-11-24 14:01:46,146.164.69.236,239255255250,igmp,[0],0,0,0.0,1,8,0,64,0,0
2015-11-24 14:01:46,2015-11-24 14:01:46,fe80::39d9:38e4:aea0:6cfd,ff02::c,nopr,[0],0,0,0.0,1,32,0,256,0,0
2015-11-24 14:01:46,2015-11-24 14:01:46,fe80::39d9:38e4:aea0:6cfd,ff02::1:3,nopr,[0],0,0,0.0,1,32,0,256,0,0
2015-11-24 14:01:46,2015-11-24 14:01:46,fe80::39d9:38e4:aea0:6cfd,ff02::1:ffa0:6cfd,nopr,[0],0,0,0.0,1,32,0,256,0,0
2015-11-24 14:01:46,2015-11-24 14:01:46,fe80::7271:bcff:fedc:4df2,ff02::1:ffdc:4df2,nopr,[0],0,0,0.0,1,32,0,256,0,0
2015-11-24 14:01:46,2015-11-24 14:01:46,fe80::1495:d348:7ce8:c904,ff02::1:ffe8:c904,nopr,[0],0,0,0.0,1,32,0,256,0,0
2015-11-24 14:01:46,2015-11-24 14:01:46,fe80::e23f:49ff:fe7e:c00e,ff02::1:ff7e:c00e,nopr,[0],0,0,0.0,1,32,0,256,0,0
2015-11-24 14:01:46,2015-11-24 14:01:46,fe80::3a60:77ff:fe72:3bed,ff02::1:ff72:3bed,nopr,[0],0,0,0.0,1,32,0,256,0,0
2015-11-24 14:01:47,2015-11-24 14:01:47,fe80::3a60:77ff:feb5:4d5f,ff02::1:ffb5:4d5f,nopr,[0],0,0,0.0,1,32,0,256,0,0
2015-11-24 14:01:47,2015-11-24 14:01:47,fe80::a2b3:ccff:fea2:7225,ff02::2:902e:8cde,nopr,[0],0,0,0.0,1,32,0,256,0,0
2015-11-24 14:01:47,2015-11-24 14:01:47,fe80::a2b3:ccff:fea2:7225,ff02::1:ffa2:7225,nopr,[0],0,0,0.0,1,32,0,256,0,0
2015-11-24 14:01:47,2015-11-24 14:01:47,fe80::21c:c0ff:fecf:fda0,ff02::202,nopr,[0],0,0,0.0,1,32,0,256,0,0
2015-11-24 14:01:47,2015-11-24 14:01:47,fe80::21c:c0ff:fe8c:4dd8,ff02::1:ff8c:4dd8,nopr,[0],0,0,0.0,1,32,0,256,0,0
2015-11-24 14:01:47,2015-11-24 14:01:47,fe80::3a60:77ff:fe72:84e8,ff02::1:ff72:84e8,nopr,[0],0,0,0.0,1,32,0,256,0,0
2015-11-24 14:01:47,2015-11-24 14:01:47,fe80::3a60:77ff:fe60:6837,ff02::1:ff60:6837,nopr,[0],0,0,0.0,1,32,0,256,0,0
2015-11-24 14:01:47,2015-11-24 14:01:47,fe80::21c:c0ff:feb0:195b,ff02::1:ffb0:195b,nopr,[0],0,0,0.0,1,32,0,256,0,0
2015-11-24 14:01:47,2015-11-24 14:01:47,fe80::21c:c0ff:fe1b:458a,ff02::1:ff1b:458a,nopr,[0],0,0,0.0,1,32,0,256,0,0
2015-11-24 14:01:47,2015-11-24 14:01:47,fe80::21b:21ff:fe55:6281,ff02::1:ff55:6281,nopr,[0],0,0,0.0,1,32,0,256,0,0
2015-11-24 14:01:47,2015-11-24 14:01:47,fe80::21e:67ff:fe16:f7c6,ff02::1:ff16:f7c6,nopr,[0],0,0,0.0,1,32,0,256,0,0
2015-11-24 14:01:47,2015-11-24 14:01:47,146.164.69.165,8.8.8.8,icmp,[0],0,2048,0.0,1,64,0,512,0,0
2015-11-24 14:01:47,2015-11-24 14:01:47,fe80::21c:c0ff:feb0:1499,ff02::1:ffb0:1499,nopr,[0],0,0,0.0,1,32,0,256,0,0
2015-11-24 14:01:47,2015-11-24 14:01:47,fe80::3a60:77ff:fe72:669f,ff02::1:ff72:669f,nopr,[0],0,0,0.0,1,32,0,256,0,0
2015-11-24 14:01:47,2015-11-24 14:01:47,fe80::21c:c0ff:feb0:1cdf,ff02::1:ffb0:1cdf,nopr,[0],0,0,0.0,1,32,0,256,0,0
2015-11-24 14:01:47,2015-11-24 14:01:47,fe80::21c:c0ff:fecf:fda0,ff02::1:ffcf:fda0,nopr,[0],0,0,0.0,1,32,0,256,0,0
2015-11-24 14:01:47,2015-11-24 14:01:47,8.8.8.8,146.164.69.165,icmp,[0],0,0,0.0,1,64,0,512,0,0
2015-11-24 14:01:47,2015-11-24 14:01:47,146.164.69.159,224.0.0.252,igmp,[0],0,0,0.0,1,8,0,64,0,0
2015-11-24 14:01:47,2015-11-24 14:01:47,fe80::e23f:49ff:fe7d:35c1,ff02::1:ff7d:35c1,nopr,[0],0,0,0.0,1,32,0,256,0,0
2015-11-24 14:01:48,2015-11-24 14:01:48,146.164.69.165,8.8.8.8,icmp,[0],0,2048,0.0,1,64,0,512,0,0
2015-11-24 14:01:48,2015-11-24 14:01:48,8.8.8.8,146.164.69.165,icmp,[0],0,0,0.0,1,64,0,512,0,0
2015-11-24 14:01:48,2015-11-24 14:01:48,146.164.69.165,54.87.215.237,tcp,"[0, 1, 0, 0, 0, 0]",33503,443,0.0,1,32,0,256,0,0
2015-11-24 14:01:49,2015-11-24 14:01:49,54.87.215.237,146.164.69.165,tcp,"[0, 1, 0, 0, 0, 0]",443,33503,0.0,1,32,0,256,0,0
2015-11-24 14:01:49,2015-11-24 14:01:49,146.164.69.165,8.8.8.8,icmp,[0],0,2048,0.0,1,64,0,512,0,0
2015-11-24 14:01:49,2015-11-24 14:01:49,8.8.8.8,146.164.69.165,icmp,[0],0,0,0.0,1,64,0,512,0,0
2015-11-24 14:01:49,2015-11-24 14:01:51,146.164.69.172,146.164.69.255,udp,[0],631,631,2001,3,678,2711,1808,1,0
2015-11-24 14:01:49,2015-11-24 14:01:49,146.164.69.198,224.0.0.251,igmp,[0],0,0,0.0,1,8,0,64,0,0
2015-11-24 14:01:50,2015-11-24 14:01:50,146.164.69.159,224.0.1.60,igmp,[0],0,0,0.0,1,8,0,64,0,0
2015-11-24 14:01:50,2015-11-24 14:01:50,146.164.69.165,200.152.174.81,tcp,"[0, 1, 0, 1, 0, 0]",47638,80,0.0,1,32,0,256,0,0
2015-11-24 14:01:50,2015-11-24 14:01:50,146.164.69.165,146.164.69.2,tcp,"[0, 1, 1, 1, 1, 1]",55074,443,15,8,685,365333,685,533,0
2015-11-24 14:01:50,2015-11-24 14:01:50,146.164.69.2,146.164.69.165,tcp,"[0, 1, 1, 1, 0, 1]",443,55074,14,6,2103,1201714,2804,429,0
2015-11-24 14:01:50,2015-11-24 14:01:50,200.152.174.81,146.164.69.165,tcp,"[0, 1, 0, 0, 0, 0]",80,47638,0.0,1,32,0,256,0,0
2015-11-24 14:01:50,2015-11-24 14:01:50,146.164.69.165,146.164.69.2,tcp,"[0, 1, 1, 0, 0, 1]",55075,443,186,7,1727,74280,1974,38,0
2015-11-24 14:01:50,2015-11-24 14:01:50,146.164.69.2,146.164.69.165,tcp,"[0, 1, 1, 0, 0, 1]",443,55075,147,6,2774,150966,3699,41,0
2015-11-24 14:01:50,2015-11-24 14:01:50,146.164.69.165,8.8.8.8,icmp,[0],0,2048,0.0,1,64,0,512,0,0
2015-11-25 10:42:25,2015-11-25 10:42:59,146.164.69.208,91.189.88.160,tcp,"[0, 1, 0, 0, 0, 0]",36912,80,34052,79955,2746716,645299,275,2348,0
2015-11-25 10:42:25,2015-11-25 10:42:59,91.189.88.160,146.164.69.208,tcp,"[0, 1, 0, 0, 0, 1]",80,36912,34052,145257,216277168,50811034,11911,4266,0
2015-11-25 10:42:25,2015-11-25 10:42:59,146.164.69.208,146.164.69.165,udp,[0],63107,23417,34.04,1712,137403,32292,642,50,0
2015-11-25 10:42:25,2015-11-25 10:42:59,146.164.69.165,146.164.69.208,udp,[0],23417,63107,34.04,1712,135218,31779,632,50,0
2015-11-25 10:42:26,2015-11-25 10:42:26,146.164.69.208,173.194.42.137,udp,[0],43555,443,0.26,4,2742,84369,5484,15,0
2015-11-25 10:42:26,2015-11-25 10:42:56,146.164.69.208,173.194.42.132,tcp,"[0, 1, 0, 0, 0, 1]",37218,443,30225,14,1490,394,851,0,0
2015-11-25 10:42:26,2015-11-25 10:42:56,173.194.42.132,146.164.69.208,tcp,"[0, 1, 0, 0, 0, 1]",443,37218,30265,14,1065,282,609,0,0
2015-11-25 10:42:26,2015-11-25 10:42:26,173.194.42.137,146.164.69.208,udp,[0],443,43555,0.23,3,1589,55270,4237,13,0
2015-11-25 10:42:26,2015-11-25 10:42:26,173.194.42.131,146.164.69.208,tcp,"[0, 1, 0, 1, 0, 1]",443,48897,2,3,159,636000,424,1500,0
2015-11-25 10:42:26,2015-11-25 10:42:26,146.164.69.208,173.194.42.131,tcp,"[0, 1, 0, 1, 0, 0]",48897,443,0.0,2,64,0,256,0,0
2015-11-25 10:42:26,2015-11-25 10:42:56,146.164.69.208,173.194.42.142,udp,[0],37949,443,30.07,17,4942,1315,2326,1,0
2015-11-25 10:42:26,2015-11-25 10:42:56,173.194.42.142,146.164.69.208,udp,[0],443,37949,30038,23,14880,3963,5176,1,0
2015-11-25 10:42:26,2015-11-25 10:42:59,146.164.69.208,54239181160,tcp,"[0, 1, 0, 0, 0, 1]",58810,1935,33595,454,14533,3461,256,14,0
2015-11-25 10:42:26,2015-11-25 10:42:59,54239181160,146.164.69.208,tcp,"[0, 1, 0, 0, 0, 1]",1935,58810,33595,488,711782,169497,11669,15,0
2015-11-25 10:42:26,2015-11-25 10:42:26,146.164.69.208,121170124151,tcp,"[0, 1, 0, 1, 0, 0]",59409,443,351,2,64,1459,256,6,0
2015-11-25 10:42:26,2015-11-25 10:42:26,146.164.69.208,61.230.15.147,tcp,"[0, 1, 0, 1, 0, 0]",53781,443,421,2,64,1216,256,5,0
2015-11-25 10:42:26,2015-11-25 10:42:26,121170124151,146.164.69.208,tcp,"[0, 1, 0, 1, 0, 0]",443,59409,0.0,2,64,0,256,0,0
2015-11-25 10:42:26,2015-11-25 10:42:26,61.230.15.147,146.164.69.208,tcp,"[0, 1, 0, 1, 0, 0]",443,53781,2,2,64,256000,256,1000,0
2015-11-25 10:42:27,2015-11-25 10:42:57,146.164.69.208,74.125.107.46,udp,[0],58185,443,30344,1941,111956,29516,461,64,0
2015-11-25 10:42:27,2015-11-25 10:42:57,74.125.107.46,146.164.69.208,udp,[0],443,58185,30321,3908,5164333,1362576,10572,129,0
2015-11-25 10:42:28,2015-11-25 10:42:57,146.164.69.208,64.233.190.95,udp,[0],38408,443,29253,9,1005,275,893,0,0
2015-11-25 10:42:28,2015-11-25 10:42:57,64.233.190.95,146.164.69.208,udp,[0],443,38408,29179,9,1521,417,1352,0,0
2015-11-25 10:42:29,2015-11-25 10:42:56,146.164.69.208,169.55.74.49,tcp,"[0, 1, 0, 0, 0, 1]",50634,443,27188,8,448,132,448,0,0
2015-11-25 10:42:29,2015-11-25 10:42:56,169.55.74.49,146.164.69.208,tcp,"[0, 1, 0, 0, 0, 1]",443,50634,27.0,4,300,89,600,0,0
2015-11-25 10:42:30,2015-11-25 10:42:46,fe80::91c:740d:8737:9880,ff02::1:2,udp,[0],546,547,16.0,2,186,93,744,0,0
2015-11-25 10:42:30,2015-11-25 10:42:56,146.164.69.208,54.237.22.111,tcp,"[0, 1, 0, 0, 0, 0]",52760,443,25431,5,160,50,256,0,0
2015-11-25 10:42:30,2015-11-25 10:42:56,54.237.22.111,146.164.69.208,tcp,"[0, 1, 0, 0, 0, 1]",443,52760,25431,5,730,230,1168,0,0
2015-11-25 10:42:30,2015-11-25 10:42:58,146.164.69.208,50.19.224.178,tcp,"[0, 1, 0, 0, 0, 1]",51767,443,27.3,15,10515,3081,5608,1,0
2015-11-25 10:42:31,2015-11-25 10:42:58,50.19.224.178,146.164.69.208,tcp,"[0, 1, 0, 0, 0, 1]",443,51767,27109,10,6259,1847,5007,0,0
2015-11-25 10:42:31,2015-11-25 10:42:32,146.164.69.208,66.220.146.5,tcp,"[0, 1, 0, 1, 0, 0]",37363,443,241,2,64,2124,256,8,0
2015-11-25 10:42:31,2015-11-25 10:42:31,146.164.69.208,146.164.69.2,tcp,"[0, 1, 1, 1, 1, 1]",59193,443,14,8,685,391429,685,571,0
2015-11-25 10:42:31,2015-11-25 10:42:31,146.164.69.2,146.164.69.208,tcp,"[0, 1, 1, 1, 0, 1]",443,59193,13,6,2103,1294154,2804,462,0
2015-11-25 10:42:31,2015-11-25 10:42:52,146.164.69.208,146.164.69.2,tcp,"[0, 1, 1, 1, 0, 1]",59194,443,20.25,58,13045,5154,1799,3,0
2015-11-25 10:42:31,2015-11-25 10:42:52,146.164.69.2,146.164.69.208,tcp,"[0, 1, 1, 1, 0, 1]",443,59194,20249,75,113778,44952,12136,4,0
2015-11-25 10:42:31,2015-11-25 10:42:59,64233186189,146.164.69.208,udp,[0],443,37844,27873,3,143,41,381,0,0
2015-11-25 10:42:31,2015-11-25 10:42:59,146.164.69.208,64233186189,udp,[0],37844,443,27874,3,130,37,347,0,0
2015-11-25 10:42:32,2015-11-25 10:42:32,66.220.146.5,146.164.69.208,tcp,"[0, 1, 0, 1, 0, 0]",443,37363,0.0,1,32,0,256,0,0
2015-11-25 10:42:32,2015-11-25 10:42:32,146.164.69.208,146.164.69.2,tcp,"[0, 1, 1, 1, 1, 1]",59195,443,4,8,816,1632000,816,2000,0
2015-11-25 10:42:32,2015-11-25 10:42:32,146.164.69.208,146.164.69.2,tcp,"[0, 1, 1, 1, 1, 1]",59197,443,3,8,816,2176000,816,2667,0
2015-11-25 10:42:32,2015-11-25 10:42:32,146.164.69.2,146.164.69.208,tcp,"[0, 1, 1, 1, 0, 1]",443,59195,3,5,350,933333,560,1667,0
2015-11-25 10:42:32,2015-11-25 10:42:32,146.164.69.2,146.164.69.208,tcp,"[0, 1, 1, 1, 0, 1]",443,59197,3,5,350,933333,560,1667,0
2015-11-25 10:42:32,2015-11-25 10:42:32,146.164.69.208,146.164.69.2,tcp,"[0, 1, 1, 1, 1, 1]",59196,443,3,8,816,2176000,816,2667,0
2015-11-25 10:42:32,2015-11-25 10:42:32,146.164.69.2,146.164.69.208,tcp,"[0, 1, 1, 1, 0, 1]",443,59196,3,5,350,933333,560,1667,0
2015-11-25 10:42:32,2015-11-25 10:42:32,146.164.69.208,146.164.69.2,tcp,"[0, 1, 1, 1, 1, 1]",59198,443,4,8,816,1632000,816,2000,0
2015-11-25 10:42:32,2015-11-25 10:42:32,146.164.69.2,146.164.69.208,tcp,"[0, 1, 1, 1, 0, 1]",443,59198,4,5,350,700000,560,1250,0
2015-11-25 10:42:32,2015-11-25 10:42:32,146.164.69.208,146.164.69.2,tcp,"[0, 1, 1, 1, 1, 1]",59199,443,4,8,816,1632000,816,2000,0
2015-11-25 10:42:32,2015-11-25 10:42:32,146.164.69.2,146.164.69.208,tcp,"[0, 1, 1, 1, 0, 1]",443,59199,3,5,350,933333,560,1667,0
2015-11-25 10:42:32,2015-11-25 10:42:32,146.164.69.208,146.164.69.2,tcp,"[0, 1, 1, 1, 1, 1]",59200,443,5,8,816,1305600,816,1600,0
2015-11-25 10:42:32,2015-11-25 10:42:32,146.164.69.208,146.164.69.2,tcp,"[0, 1, 1, 1, 1, 1]",59201,443,4,8,816,1632000,816,2000,0
2015-11-25 10:42:32,2015-11-25 10:42:32,146.164.69.2,146.164.69.208,tcp,"[0, 1, 1, 1, 0, 1]",443,59200,4,5,350,700000,560,1250,0
2015-11-25 10:42:32,2015-11-25 10:42:32,146.164.69.208,146.164.69.2,tcp,"[0, 1, 1, 1, 1, 1]",59202,443,4,8,816,1632000,816,2000,0
2015-11-25 10:42:32,2015-11-25 10:42:32,146.164.69.2,146.164.69.208,tcp,"[0, 1, 1, 1, 0, 1]",443,59201,4,5,350,700000,560,1250,0
2015-11-25 10:42:32,2015-11-25 10:42:32,146.164.69.2,146.164.69.208,tcp,"[0, 1, 1, 1, 0, 1]",443,59202,4,5,350,700000,560,1250,0
2015-11-25 10:42:32,2015-11-25 10:42:32,146.164.69.208,146.164.69.2,tcp,"[0, 1, 1, 1, 1, 1]",59204,443,7,8,816,932571,816,1143,0
2015-11-25 10:42:32,2015-11-25 10:42:32,146.164.69.208,146.164.69.2,tcp,"[0, 1, 1, 1, 1, 1]",59203,443,4,8,816,1632000,816,2000,0
2015-11-25 10:42:32,2015-11-25 10:42:32,146.164.69.2,146.164.69.208,tcp,"[0, 1, 1, 1, 0, 1]",443,59203,4,5,350,700000,560,1250,0
2015-11-25 10:42:32,2015-11-25 10:42:32,146.164.69.2,146.164.69.208,tcp,"[0, 1, 1, 1, 0, 1]",443,59204,6,5,350,466667,560,833,0
2015-11-25 10:42:32,2015-11-25 10:42:52,146.164.69.2,146.164.69.208,tcp,"[0, 1, 1, 1, 0, 1]",443,59205,19867,30,33426,13460,8914,2,0
2015-11-25 10:42:32,2015-11-25 10:42:52,146.164.69.2,146.164.69.208,tcp,"[0, 1, 1, 1, 0, 1]",443,59207,19867,41,57159,23017,11153,2,0
2015-11-25 10:42:32,2015-11-25 10:42:52,146.164.69.2,146.164.69.208,tcp,"[0, 1, 1, 1, 0, 1]",443,59206,19867,72,108827,43822,12092,4,0
2015-11-25 10:42:32,2015-11-25 10:42:52,146.164.69.208,146.164.69.2,tcp,"[0, 1, 1, 1, 0, 1]",59206,443,19867,52,14130,5690,2174,3,0
2015-11-25 10:42:32,2015-11-25 10:42:52,146.164.69.208,146.164.69.2,tcp,"[0, 1, 1, 1, 0, 1]",59207,443,19867,30,6848,2758,1826,2,0
2015-11-25 10:42:32,2015-11-25 10:42:52,146.164.69.208,146.164.69.2,tcp,"[0, 1, 1, 1, 0, 1]",59205,443,19867,29,13682,5509,3774,1,0
2015-11-25 10:42:32,2015-11-25 10:42:52,146.164.69.2,146.164.69.208,tcp,"[0, 1, 1, 1, 0, 1]",443,59208,19866,39,58390,23514,11977,2,0
2015-11-25 10:42:32,2015-11-25 10:42:52,146.164.69.208,146.164.69.2,tcp,"[0, 1, 1, 1, 0, 1]",59208,443,19866,35,8330,3354,1904,2,0
2015-11-25 10:42:32,2015-11-25 10:42:52,146.164.69.2,146.164.69.208,tcp,"[0, 1, 1, 1, 0, 1]",443,59209,19863,30,35661,14363,9510,2,0
2015-11-25 10:42:32,2015-11-25 10:42:52,146.164.69.208,146.164.69.2,tcp,"[0, 1, 1, 1, 0, 1]",59209,443,19863,26,6832,2752,2102,1,0
2015-11-25 10:42:33,2015-11-25 10:42:48,146.164.69.172,146.164.69.255,udp,[0],631,631,15016,3,678,361,1808,0,0
2015-11-25 10:42:34,2015-11-25 10:42:34,146.164.69.186,224.0.0.251,udp,[0],5353,5353,0.0,1,90,0,720,0,0
2015-11-25 10:42:34,2015-11-25 10:42:34,fe80::4e72:b9ff:feb0:df19,ff02::fb,udp,[0],5353,5353,0.0,1,90,0,720,0,0
2015-11-25 10:42:34,2015-11-25 10:42:34,fe80::c4fc:f343:dc47:5e8a,ff02::fb,udp,[0],5353,5353,0.0,1,20,0,160,0,0
2015-11-25 10:42:34,2015-11-25 10:42:34,146.164.69.223,224.0.0.251,udp,[0],5353,5353,0.0,1,20,0,160,0,0
2015-11-25 10:42:35,2015-11-25 10:42:50,146.164.69.208,23.92.108.90,tcp,"[0, 1, 0, 0, 0, 1]",56081,443,15166,6,1167,616,1556,0,0
2015-11-25 10:42:35,2015-11-25 10:42:50,23.92.108.90,146.164.69.208,tcp,"[0, 1, 0, 0, 0, 1]",443,56081,15005,3,303,162,808,0,0
2015-11-25 10:42:35,2015-11-25 10:42:35,146.164.69.170,146.164.69.255,udp,[0],17500,17500,0.0,1,219,0,1752,0,0
2015-11-25 10:42:35,2015-11-25 10:42:35,146.164.69.170,255255255255,udp,[0],17500,17500,0.0,1,219,0,1752,0,0
2015-11-25 10:42:37,2015-11-25 10:42:37,146.164.69.208,173.194.42.128,tcp,"[0, 1, 0, 0, 0, 0]",51761,443,0.0,1,32,0,256,0,0
2015-11-25 10:42:37,2015-11-25 10:42:37,173.194.42.128,146.164.69.208,tcp,"[0, 1, 0, 0, 0, 0]",443,51761,0.0,1,32,0,256,0,0
2015-11-25 10:42:37,2015-11-25 10:42:37,108.160.169.51,146.164.69.208,tcp,"[0, 1, 0, 0, 0, 1]",443,44005,191,2,389,16293,1556,10,0
2015-11-25 10:42:37,2015-11-25 10:42:37,146.164.69.208,108.160.169.51,tcp,"[0, 1, 0, 0, 0, 1]",44005,443,0.0,1,490,0,3920,0,0
2015-11-25 10:42:38,2015-11-25 10:42:39,146.164.69.227,224.0.0.252,udp,[0],56340,5355,413,2,60,1162,240,5,0
2015-11-25 10:42:38,2015-11-25 10:42:39,fe80::920:707d:f7fd:132,ff02::1:3,udp,[0],56340,5355,413,2,60,1162,240,5,0
2015-11-25 10:42:38,2015-11-25 10:42:39,146.164.69.227,224.0.0.252,udp,[0],59455,5355,412,2,60,1165,240,5,0
2015-11-25 10:42:38,2015-11-25 10:42:39,fe80::920:707d:f7fd:132,ff02::1:3,udp,[0],59455,5355,412,2,60,1165,240,5,0
2015-11-25 10:42:40,2015-11-25 10:42:40,fe80::3a60:77ff:feb5:4d5f,ff02::fb,nopr,[0],0,0,0.0,1,32,0,256,0,0
2015-11-25 10:42:40,2015-11-25 10:42:40,fe80::a62:66ff:fe99:c87f,ff02::1:ff2d:8231,nopr,[0],0,0,0.0,1,32,0,256,0,0
2015-11-25 10:42:40,2015-11-25 10:42:40,fe80::215:17ff:fec5:2974,ff02::1,nopr,[0],0,0,0.0,1,32,0,256,0,0
2015-11-25 10:42:40,2015-11-25 10:42:40,0.0.0.0,224.0.0.1,igmp,[0],0,0,0.0,1,8,0,64,0,0
2015-11-25 10:42:40,2015-11-25 10:42:40,fe80::920:707d:f7fd:132,ff02::1:3,nopr,[0],0,0,0.0,1,32,0,256,0,0
2015-11-25 10:42:40,2015-11-25 10:42:40,fe80::920:707d:f7fd:132,ff02::c,nopr,[0],0,0,0.0,1,32,0,256,0,0
2015-11-25 10:42:40,2015-11-25 10:42:40,fe80::920:707d:f7fd:132,ff02::1:fffd:132,nopr,[0],0,0,0.0,1,32,0,256,0,0
2015-11-25 10:42:40,2015-11-25 10:42:40,fe80::21c:c0ff:feb0:195b,ff02::1:ffb0:195b,nopr,[0],0,0,0.0,1,32,0,256,0,0
2015-11-25 10:42:40,2015-11-25 10:42:40,fe80::3a60:77ff:feb5:4d5f,ff02::1:ffb5:4d5f,nopr,[0],0,0,0.0,1,32,0,256,0,0
2015-11-25 10:42:41,2015-11-25 10:42:41,fe80::21e:67ff:fe16:f7c6,ff02::1:ff16:f7c6,nopr,[0],0,0,0.0,1,32,0,256,0,0
2015-11-25 10:42:41,2015-11-25 10:42:41,fe80::91c:740d:8737:9880,ff02::1:ff37:9880,nopr,[0],0,0,0.0,1,32,0,256,0,0
2015-11-25 10:42:41,2015-11-25 10:42:41,fe80::39d9:38e4:aea0:6cfd,ff02::1:ffa0:6cfd,nopr,[0],0,0,0.0,1,32,0,256,0,0
2015-11-25 10:42:41,2015-11-25 10:42:41,fe80::227:eff:fe3b:a2a2,ff02::1:ff3b:a2a2,nopr,[0],0,0,0.0,1,32,0,256,0,0
2015-11-25 10:42:41,2015-11-25 10:42:41,fe80::4e72:b9ff:feb0:df19,ff02::1:ffb0:df19,nopr,[0],0,0,0.0,1,32,0,256,0,0
2015-11-25 10:42:41,2015-11-25 10:42:41,fe80::96de:80ff:fef6:3108,ff02::1:fff6:3108,nopr,[0],0,0,0.0,1,32,0,256,0,0
2015-11-25 10:42:41,2015-11-25 10:42:41,fe80::a2b3:ccff:fea2:7225,ff02::1:ffa2:7225,nopr,[0],0,0,0.0,1,32,0,256,0,0
2015-12-03 15:45:13,2015-12-03 15:45:58,45.58.70.33,146.164.69.208,tcp,"[0, 1, 0, 0, 0, 1]",443,52474,44811,10908,17550828,3133307,12872,243,0
2015-12-03 15:45:13,2015-12-03 15:45:58,146.164.69.208,45.58.70.33,tcp,"[0, 1, 0, 0, 0, 1]",52474,443,44811,6529,237816,42457,291,146,0
2015-12-03 15:45:13,2015-12-03 15:45:59,45.58.70.38,146.164.69.208,tcp,"[0, 1, 0, 0, 0, 1]",443,34638,46608,13103,489504,84021,299,281,0
2015-12-03 15:45:13,2015-12-03 15:45:59,64233190189,146.164.69.208,udp,[0],443,47216,45942,96,92021,16024,7668,2,0
2015-12-03 15:45:13,2015-12-03 15:45:13,146.164.69.208,54164134150,tcp,"[0, 1, 0, 0, 0, 0]",48548,443,0.0,1,32,0,256,0,0
2015-12-03 15:45:13,2015-12-03 15:45:59,146.164.69.208,64233190189,udp,[0],47216,443,45966,66,3287,572,398,1,0
2015-12-03 15:45:13,2015-12-03 15:45:13,fe80::a62:66ff:fe99:c87f,ff02::1:ff2d:8231,nopr,[0],0,0,0.0,1,32,0,256,0,0
2015-12-03 15:45:13,2015-12-03 15:45:13,fe80::215:17ff:fec5:2974,ff02::1,nopr,[0],0,0,0.0,1,32,0,256,0,0
2015-12-03 15:45:13,2015-12-03 15:45:13,fe80::21e:67ff:fe16:f7c6,ff02::1:ff16:f7c6,nopr,[0],0,0,0.0,1,32,0,256,0,0
2015-12-03 15:45:13,2015-12-03 15:45:13,fe80::e23f:49ff:fe7d:35c1,ff02::fb,nopr,[0],0,0,0.0,1,32,0,256,0,0
2015-12-03 15:45:13,2015-12-03 15:45:13,0.0.0.0,224.0.0.1,igmp,[0],0,0,0.0,1,8,0,64,0,0
2015-12-03 15:45:13,2015-12-03 15:45:13,fe80::227:eff:fe04:3acb,ff02::202,nopr,[0],0,0,0.0,1,32,0,256,0,0
2015-12-03 15:45:13,2015-12-03 15:45:13,fe80::7271:bcff:fedc:4df2,ff02::1:ffdc:4df2,nopr,[0],0,0,0.0,1,32,0,256,0,0
2015-12-03 15:45:13,2015-12-03 15:45:13,146.164.69.208,8.8.8.8,icmp,[0],0,2048,0.0,1,64,0,512,0,0
2015-12-03 15:45:13,2015-12-03 15:45:13,8.8.8.8,146.164.69.208,icmp,[0],0,0,0.0,1,64,0,512,0,0
2015-12-03 15:45:13,2015-12-03 15:45:13,fe80::3a60:77ff:fe72:84e8,ff02::1:ff72:84e8,nopr,[0],0,0,0.0,1,32,0,256,0,0
2015-12-03 15:45:13,2015-12-03 15:45:13,fe80::1495:d348:7ce8:c904,ff02::1:ffe8:c904,nopr,[0],0,0,0.0,1,32,0,256,0,0
2015-12-03 15:45:13,2015-12-03 15:45:13,fe80::1495:d348:7ce8:c904,ff02::1:3,nopr,[0],0,0,0.0,1,32,0,256,0,0
2015-12-03 15:45:13,2015-12-03 15:45:13,fe80::1495:d348:7ce8:c904,ff02::c,nopr,[0],0,0,0.0,1,32,0,256,0,0
2015-12-03 15:45:13,2015-12-03 15:45:13,fe80::21c:c0ff:fe1c:179,ff02::1:ff1c:179,nopr,[0],0,0,0.0,1,32,0,256,0,0
2015-12-03 15:45:13,2015-12-03 15:45:13,fe80::21c:c0ff:fecf:fda0,ff02::1:ffcf:fda0,nopr,[0],0,0,0.0,1,32,0,256,0,0
2015-12-03 15:45:13,2015-12-03 15:45:13,fe80::21c:c0ff:feb0:1499,ff02::1:ffb0:1499,nopr,[0],0,0,0.0,1,32,0,256,0,0
2015-12-03 15:45:13,2015-12-03 15:45:13,fe80::3a60:77ff:fe72:3bed,ff02::1:ff72:3bed,nopr,[0],0,0,0.0,1,32,0,256,0,0
2015-12-03 15:45:13,2015-12-03 15:45:13,fe80::b456:3d45:45fc:a212,ff02::1:fffc:a212,nopr,[0],0,0,0.0,1,32,0,256,0,0
2015-12-03 15:45:13,2015-12-03 15:45:13,fe80::3a60:77ff:fe72:669f,ff02::1:ff72:669f,nopr,[0],0,0,0.0,1,32,0,256,0,0
2015-12-03 15:45:13,2015-12-03 15:45:39,149154167124,146.164.69.208,tcp,"[0, 1, 0, 0, 0, 1]",443,53340,26.16,12,2752,842,1835,0,0
2015-12-03 15:45:13,2015-12-03 15:45:13,fe80::e23f:49ff:fe7d:35c1,ff02::1:ff7d:35c1,nopr,[0],0,0,0.0,1,32,0,256,0,0
2015-12-03 15:45:13,2015-12-03 15:45:39,146.164.69.208,149154167124,tcp,"[0, 1, 0, 0, 0, 1]",53340,443,25829,8,1590,492,1590,0,0
2015-12-03 15:45:13,2015-12-03 15:45:13,fe80::a2b3:ccff:fea2:7225,ff02::2:902e:8cde,nopr,[0],0,0,0.0,1,32,0,256,0,0
2015-12-03 15:45:13,2015-12-03 15:45:13,fe80::227:eff:fe04:3acb,ff02::1:ff04:3acb,nopr,[0],0,0,0.0,1,32,0,256,0,0
2015-12-03 15:45:13,2015-12-03 15:45:13,fe80::21b:21ff:fe55:6281,ff02::1:ff55:6281,nopr,[0],0,0,0.0,1,32,0,256,0,0
2015-12-03 15:45:13,2015-12-03 15:45:13,fe80::21c:c0ff:feb0:1cdf,ff02::1:ffb0:1cdf,nopr,[0],0,0,0.0,1,32,0,256,0,0
2015-12-03 15:45:13,2015-12-03 15:45:13,fe80::21c:c0ff:fe1b:458a,ff02::1:ff1b:458a,nopr,[0],0,0,0.0,1,32,0,256,0,0
2015-12-03 15:45:13,2015-12-03 15:45:13,fe80::3a60:77ff:feb5:4d5f,ff02::1:ffb5:4d5f,nopr,[0],0,0,0.0,1,32,0,256,0,0
2015-12-03 15:45:13,2015-12-03 15:45:13,fe80::76d4:35ff:fefc:e38a,ff02::1:fffc:e38a,nopr,[0],0,0,0.0,1,32,0,256,0,0
2015-12-03 15:45:14,2015-12-03 15:45:59,146.164.69.208,54239181110,tcp,"[0, 1, 0, 0, 0, 1]",33792,1935,45.09,615,19690,3493,256,14,0
2015-12-03 15:45:14,2015-12-03 15:45:59,54239181110,146.164.69.208,tcp,"[0, 1, 0, 0, 0, 1]",1935,33792,45.09,641,947674,168139,11827,14,0
2015-12-03 15:45:14,2015-12-03 15:45:59,146.164.69.208,146.164.69.131,tcp,"[0, 1, 0, 0, 0, 1]",817,2049,45118,1089,212888,37748,1564,24,0
2015-12-03 15:45:14,2015-12-03 15:45:59,146.164.69.131,146.164.69.208,tcp,"[0, 1, 0, 0, 0, 1]",2049,817,45079,1021,427076,75792,3346,23,0
2015-12-03 15:45:14,2015-12-03 15:45:14,fe80::21c:c0ff:feb0:195b,ff02::1:ffb0:195b,nopr,[0],0,0,0.0,1,32,0,256,0,0
2015-12-03 15:45:14,2015-12-03 15:45:59,146.164.69.208,173.194.42.129,udp,[0],51527,443,45142,116,31244,5537,2155,3,0
2015-12-03 15:45:14,2015-12-03 15:45:59,173.194.42.129,146.164.69.208,udp,[0],443,51527,45113,78,4648,824,477,2,0
2015-12-03 15:45:14,2015-12-03 15:45:51,146.164.69.208,173.194.42.129,udp,[0],54609,443,37.12,18,2523,544,1121,0,0
2015-12-03 15:45:14,2015-12-03 15:45:51,173.194.42.129,146.164.69.208,udp,[0],443,54609,37092,16,4972,1072,2486,0,0
2015-12-03 15:45:14,2015-12-03 15:45:57,146.164.69.208,74.125.107.53,tcp,"[0, 1, 0, 0, 0, 1]",41561,443,43746,2432,102649,18772,338,56,0
2015-12-03 15:45:14,2015-12-03 15:45:14,fe80::e23f:49ff:fe7e:c00e,ff02::1:ff7e:c00e,nopr,[0],0,0,0.0,1,32,0,256,0,0
2015-12-03 15:45:14,2015-12-03 15:45:57,146.164.69.208,74.125.107.53,tcp,"[0, 1, 0, 0, 0, 1]",41562,443,43724,2692,110981,20306,330,62,0
2015-12-03 15:45:14,2015-12-03 15:45:57,74.125.107.53,146.164.69.208,tcp,"[0, 1, 0, 0, 0, 1]",443,41561,43.71,4359,6887585,1260597,12641,100,0
2015-12-03 15:45:14,2015-12-03 15:45:57,74.125.107.53,146.164.69.208,tcp,"[0, 1, 0, 0, 0, 1]",443,41562,43.7,4805,7614406,1393942,12677,110,0
2015-12-03 15:45:14,2015-12-03 15:45:14,fe80::227:eff:fe3b:a2a2,ff02::1:ff3b:a2a2,nopr,[0],0,0,0.0,1,32,0,256,0,0
2015-12-03 15:45:14,2015-12-03 15:45:57,146.164.69.208,45.58.70.33,tcp,"[0, 1, 0, 0, 0, 1]",52472,443,43299,9602,366058,67634,305,222,0
2015-12-03 15:45:14,2015-12-03 15:45:14,fe80::a2b3:ccff:fea2:7225,ff02::1:ffa2:7225,nopr,[0],0,0,0.0,1,32,0,256,0,0
2015-12-03 15:45:14,2015-12-03 15:45:57,45.58.70.33,146.164.69.208,tcp,"[0, 1, 0, 0, 0, 1]",443,52472,43299,15904,25651473,4739412,12903,367,0
2015-12-03 15:45:14,2015-12-03 15:45:14,fe80::e23f:49ff:fe7c:820c,ff02::1:ff7c:820c,nopr,[0],0,0,0.0,1,32,0,256,0,0
2015-12-03 15:45:14,2015-12-03 15:45:59,146.164.69.208,173.194.42.141,tcp,"[0, 1, 0, 0, 0, 0]",46004,443,45056,2,64,11,256,0,0
2015-12-03 15:45:14,2015-12-03 15:45:59,173.194.42.141,146.164.69.208,tcp,"[0, 1, 0, 0, 0, 0]",443,46004,45054,2,64,11,256,0,0
2015-12-03 15:45:14,2015-12-03 15:45:14,fe80::3a60:77ff:feb4:ecbf,ff02::1:ffb4:ecbf,nopr,[0],0,0,0.0,1,32,0,256,0,0
2015-12-03 15:45:14,2015-12-03 15:45:14,146.164.69.208,8.8.8.8,icmp,[0],0,2048,0.0,1,64,0,512,0,0
2015-12-03 15:45:14,2015-12-03 15:45:14,8.8.8.8,146.164.69.208,icmp,[0],0,0,0.0,1,64,0,512,0,0
2015-12-03 15:45:14,2015-12-03 15:45:59,146.164.69.208,173.194.42.136,udp,[0],40061,443,44512,39,9901,1779,2031,1,0
2015-12-03 15:45:14,2015-12-03 15:45:59,173.194.42.136,146.164.69.208,udp,[0],443,40061,44505,52,32315,5809,4972,1,0
2015-12-03 15:45:14,2015-12-03 15:45:18,54.88.78.129,146.164.69.208,tcp,"[0, 1, 0, 1, 0, 1]",443,48833,3527,2,95,215,380,1,0
2015-12-03 15:45:14,2015-12-03 15:45:18,146.164.69.208,54.88.78.129,tcp,"[0, 1, 0, 1, 0, 0]",48833,443,3527,3,96,218,256,1,0
2015-12-03 15:45:15,2015-12-03 15:45:58,fe80::1495:d348:7ce8:c904,ff02::c,udp,[0],54087,1900,43012,14,2156,401,1232,0,0
2015-12-03 15:45:15,2015-12-03 15:45:59,108160162116,146.164.69.208,tcp,"[0, 1, 0, 0, 0, 1]",443,34619,44232,15,3336,603,1779,0,0
2015-12-03 15:45:15,2015-12-03 15:45:59,146.164.69.208,108160162116,tcp,"[0, 1, 0, 0, 0, 1]",34619,443,44231,15,3686,667,1966,0,0
2015-12-03 15:45:15,2015-12-03 15:45:15,146.164.69.208,8.8.8.8,icmp,[0],0,2048,0.0,1,64,0,512,0,0
2015-12-03 15:45:15,2015-12-03 15:45:15,8.8.8.8,146.164.69.208,icmp,[0],0,0,0.0,1,64,0,512,0,0
2015-12-03 15:45:15,2015-12-03 15:45:59,146.164.69.208,54.192.227.76,tcp,"[0, 1, 0, 0, 0, 1]",50445,443,44232,142,18192,3290,1025,3,0
2015-12-03 15:45:15,2015-12-03 15:45:59,54.192.227.76,146.164.69.208,tcp,"[0, 1, 0, 0, 0, 1]",443,50445,44231,154,194577,35193,10108,3,0
2015-12-03 15:45:16,2015-12-03 15:45:47,146.164.69.208,173.194.42.225,udp,[0],34036,443,31227,6,1579,405,2105,0,0
2015-12-03 15:45:16,2015-12-03 15:45:47,173.194.42.225,146.164.69.208,udp,[0],443,34036,31117,6,349,90,465,0,0
2015-12-03 15:45:16,2015-12-03 15:45:30,146.164.69.208,173.194.42.136,tcp,"[0, 1, 0, 1, 0, 0]",52062,443,14.67,3,96,52,256,0,0
2015-12-03 15:45:16,2015-12-03 15:45:30,173.194.42.136,146.164.69.208,tcp,"[0, 1, 0, 1, 0, 1]",443,52062,14.67,4,191,104,382,0,0
2015-12-03 15:45:16,2015-12-03 15:45:59,146.164.69.208,45.58.70.38,tcp,"[0, 1, 0, 0, 0, 1]",34638,443,43739,11843,59908728,10957494,40469,271,0
2015-12-03 15:45:16,2015-12-03 15:45:30,146.164.69.208,173.194.42.225,tcp,"[0, 1, 0, 1, 0, 0]",57611,443,14604,2,64,35,256,0,0
2015-12-03 15:45:16,2015-12-03 15:45:30,173.194.42.225,146.164.69.208,tcp,"[0, 1, 0, 1, 0, 1]",443,57611,14605,4,191,105,382,0,0
2015-12-03 15:45:16,2015-12-03 15:45:46,146.164.69.208,173.194.42.150,udp,[0],36303,443,30179,12,732,194,488,0,0
2015-12-03 15:45:16,2015-12-03 15:45:46,173.194.42.150,146.164.69.208,udp,[0],443,36303,30126,16,2952,784,1476,1,0
2015-12-03 15:45:16,2015-12-03 15:45:51,146.164.69.208,45.58.70.33,tcp,"[0, 1, 0, 0, 0, 1]",52471,443,34794,7826,282534,64962,289,225,0
2015-12-03 15:45:16,2015-12-03 15:45:16,146.164.69.208,8.8.8.8,icmp,[0],0,2048,0.0,1,64,0,512,0,0
2015-12-03 15:45:16,2015-12-03 15:45:16,8.8.8.8,146.164.69.208,icmp,[0],0,0,0.0,1,64,0,512,0,0
2015-12-03 15:45:16,2015-12-03 15:45:51,45.58.70.33,146.164.69.208,tcp,"[0, 1, 0, 0, 0, 1]",443,52471,34582,13452,21393275,4948997,12723,389,0
2015-12-03 15:45:16,2015-12-03 15:45:16,fe80::215:17ff:fec5:2974,ff02::fb,udp,[0],5353,5353,0.0,1,90,0,720,0,0
2015-12-03 15:45:16,2015-12-03 15:45:16,146.164.69.147,224.0.0.251,udp,[0],5353,5353,0.0,1,90,0,720,0,0
2015-12-03 15:45:16,2015-12-03 15:45:16,146.164.69.208,104.244.42.67,tcp,"[0, 1, 0, 0, 0, 0]",51398,443,0.0,1,32,0,256,0,0
2015-12-03 15:45:16,2015-12-03 15:45:16,104.244.42.67,146.164.69.208,tcp,"[0, 1, 0, 0, 0, 0]",443,51398,0.0,1,32,0,256,0,0
2015-12-03 15:45:17,2015-12-03 15:45:55,146.164.69.208,45.58.70.38,tcp,"[0, 1, 0, 0, 0, 1]",34637,443,38201,14,3526,738,2015,0,0
2015-12-03 15:45:17,2015-12-03 15:45:17,146.164.69.208,104.244.42.197,tcp,"[0, 1, 0, 0, 0, 0]",35832,443,0.0,1,32,0,256,0,0
2015-12-03 15:45:17,2015-12-03 15:45:17,104.244.42.197,146.164.69.208,tcp,"[0, 1, 0, 0, 0, 0]",443,35832,0.0,1,32,0,256,0,0
2015-12-03 15:45:17,2015-12-03 15:45:55,45.58.70.38,146.164.69.208,tcp,"[0, 1, 0, 0, 0, 1]",443,34637,38032,7,6014,1265,6873,0,0
2015-12-03 15:45:17,2015-12-03 15:45:17,fe80::a2b3:ccff:fea2:7225,ff02::1:2,udp,[0],546,547,0.0,1,82,0,656,0,0
2015-12-03 15:45:17,2015-12-03 15:45:17,146.164.69.208,8.8.8.8,icmp,[0],0,2048,0.0,1,64,0,512,0,0
2015-12-03 15:45:17,2015-12-03 15:45:17,8.8.8.8,146.164.69.208,icmp,[0],0,0,0.0,1,64,0,512,0,0
2015-12-03 15:45:18,2015-12-03 15:45:55,146.164.69.208,173.194.42.140,udp,[0],53056,443,37097,28,2433,525,695,1,0
2015-12-03 15:45:18,2015-12-03 15:45:55,173.194.42.140,146.164.69.208,udp,[0],443,53056,37.07,28,13559,2926,3874,1,0
2015-12-03 15:45:18,2015-12-03 15:45:18,146.164.69.220,224.0.0.252,udp,[0],59579,5355,411,2,72,1401,288,5,0
2015-12-03 15:45:18,2015-12-03 15:45:18,fe80::1495:d348:7ce8:c904,ff02::1:3,udp,[0],59579,5355,411,2,72,1401,288,5,0
2015-12-03 15:45:18,2015-12-03 15:45:18,fe80::1495:d348:7ce8:c904,ff02::1:3,udp,[0],56665,5355,411,2,72,1401,288,5,0
2015-12-03 15:45:18,2015-12-03 15:45:18,146.164.69.220,224.0.0.252,udp,[0],56665,5355,0.41,2,72,1405,288,5,0
2015-12-04 14:11:18,2015-12-04 14:11:57,146.164.69.165,173.194.27.74,udp,[0],42616,443,39054,2875,154725,31695,431,74,0
2015-12-04 14:11:18,2015-12-04 14:11:57,173.194.27.74,146.164.69.165,udp,[0],443,42616,39055,5720,7736111,1584660,10820,146,0
2015-12-04 14:11:18,2015-12-04 14:11:59,146.164.69.165,146.164.69.131,tcp,"[0, 1, 0, 0, 0, 1]",1015,2049,40053,1703,8921184,1781876,41908,43,0
2015-12-04 14:11:18,2015-12-04 14:11:59,146.164.69.131,146.164.69.165,tcp,"[0, 1, 0, 0, 0, 1]",2049,1015,40021,834,194176,38815,1863,21,0
2015-12-04 14:11:19,2015-12-04 14:11:19,146.164.69.165,64233190139,tcp,"[0, 1, 0, 0, 0, 0]",43442,443,0.0,1,32,0,256,0,0
2015-12-04 14:11:19,2015-12-04 14:11:19,64233190139,146.164.69.165,tcp,"[0, 1, 0, 0, 0, 0]",443,43442,0.0,1,32,0,256,0,0
2015-12-04 14:11:19,2015-12-04 14:11:19,146.164.69.165,8.8.8.8,icmp,[0],0,2048,0.0,1,64,0,512,0,0
2015-12-04 14:11:19,2015-12-04 14:11:19,8.8.8.8,146.164.69.165,icmp,[0],0,0,0.0,1,64,0,512,0,0
2015-12-04 14:11:19,2015-12-04 14:11:19,fe80::21a:4dff:fea3:e21d,ff02::fb,udp,[0],5353,5353,0.0,1,590,0,4720,0,0
2015-12-04 14:11:20,2015-12-04 14:11:20,146.164.69.165,8.8.8.8,icmp,[0],0,2048,0.0,1,64,0,512,0,0
2015-12-04 14:11:20,2015-12-04 14:11:20,8.8.8.8,146.164.69.165,icmp,[0],0,0,0.0,1,64,0,512,0,0
2015-12-04 14:11:21,2015-12-04 14:11:21,146.164.69.165,8.8.8.8,icmp,[0],0,2048,0.0,1,64,0,512,0,0
2015-12-04 14:11:21,2015-12-04 14:11:21,8.8.8.8,146.164.69.165,icmp,[0],0,0,0.0,1,64,0,512,0,0
2015-12-04 14:11:22,2015-12-04 14:11:22,146.164.69.165,198.252.206.25,tcp,"[0, 1, 0, 0, 0, 0]",38291,443,0.0,1,32,0,256,0,0
2015-12-04 14:11:22,2015-12-04 14:11:22,198.252.206.25,146.164.69.165,tcp,"[0, 1, 0, 0, 0, 0]",443,38291,0.0,1,32,0,256,0,0
2015-12-04 14:11:22,2015-12-04 14:11:22,146.164.69.165,8.8.8.8,icmp,[0],0,2048,0.0,1,64,0,512,0,0
2015-12-04 14:11:22,2015-12-04 14:11:22,8.8.8.8,146.164.69.165,icmp,[0],0,0,0.0,1,64,0,512,0,0
2015-12-04 14:11:23,2015-12-04 14:11:23,146.164.69.174,146.164.69.165,tcp,"[0, 0, 1, 0, 0, 0]",33647,2628,0.0,1,40,0,320,0,0
2015-12-04 14:11:23,2015-12-04 14:11:23,146.164.69.165,146.164.69.174,tcp,"[0, 1, 0, 0, 1, 0]",2628,33647,0.0,1,20,0,160,0,0
2015-12-04 14:11:23,2015-12-04 14:11:23,146.164.69.165,8.8.8.8,icmp,[0],0,2048,0.0,1,64,0,512,0,0
2015-12-04 14:11:23,2015-12-04 14:11:23,8.8.8.8,146.164.69.165,icmp,[0],0,0,0.0,1,64,0,512,0,0
2015-12-04 14:11:24,2015-12-04 14:11:24,146.164.69.165,8.8.8.8,icmp,[0],0,2048,0.0,1,64,0,512,0,0
2015-12-04 14:11:24,2015-12-04 14:11:24,8.8.8.8,146.164.69.165,icmp,[0],0,0,0.0,1,64,0,512,0,0
2015-12-04 14:11:25,2015-12-04 14:11:55,146.164.69.170,255255255255,udp,[0],17500,17500,30079,2,438,116,1752,0,0
2015-12-04 14:11:25,2015-12-04 14:11:55,146.164.69.170,146.164.69.255,udp,[0],17500,17500,30078,2,438,116,1752,0,0
2015-12-04 14:11:25,2015-12-04 14:11:25,146.164.69.165,8.8.8.8,icmp,[0],0,2048,0.0,1,64,0,512,0,0
2015-12-04 14:11:25,2015-12-04 14:11:25,8.8.8.8,146.164.69.165,icmp,[0],0,0,0.0,1,64,0,512,0,0
2015-12-04 14:11:26,2015-12-04 14:11:26,146.164.69.165,8.8.8.8,icmp,[0],0,2048,0.0,1,64,0,512,0,0
2015-12-04 14:11:26,2015-12-04 14:11:26,8.8.8.8,146.164.69.165,icmp,[0],0,0,0.0,1,64,0,512,0,0
2015-12-04 14:11:27,2015-12-04 14:11:27,146.164.69.165,8.8.8.8,icmp,[0],0,2048,0.0,1,64,0,512,0,0
2015-12-04 14:11:27,2015-12-04 14:11:27,8.8.8.8,146.164.69.165,icmp,[0],0,0,0.0,1,64,0,512,0,0
2015-12-04 14:11:28,2015-12-04 14:11:59,146.164.69.172,146.164.69.255,udp,[0],631,631,31029,4,902,233,1804,0,0
2015-12-04 14:11:28,2015-12-04 14:11:28,146.164.69.165,8.8.8.8,icmp,[0],0,2048,0.0,1,64,0,512,0,0
2015-12-04 14:11:28,2015-12-04 14:11:28,8.8.8.8,146.164.69.165,icmp,[0],0,0,0.0,1,64,0,512,0,0
2015-12-04 14:11:29,2015-12-04 14:11:29,146.164.69.165,8.8.8.8,icmp,[0],0,2048,0.0,1,64,0,512,0,0
2015-12-04 14:11:29,2015-12-04 14:11:29,8.8.8.8,146.164.69.165,icmp,[0],0,0,0.0,1,64,0,512,0,0
2015-12-04 14:11:30,2015-12-04 14:11:56,146.164.69.165,173.194.42.150,udp,[0],52923,443,25.49,8,803,252,803,0,0
2015-12-04 14:11:30,2015-12-04 14:11:30,146.164.69.165,8.8.8.8,icmp,[0],0,2048,0.0,1,64,0,512,0,0
2015-12-04 14:11:30,2015-12-04 14:11:30,8.8.8.8,146.164.69.165,icmp,[0],0,0,0.0,1,64,0,512,0,0
2015-12-04 14:11:30,2015-12-04 14:11:56,173.194.42.150,146.164.69.165,udp,[0],443,52923,25489,10,1284,403,1027,0,0
2015-12-04 14:11:31,2015-12-04 14:11:31,146.164.69.174,146.164.69.165,tcp,"[0, 0, 1, 0, 0, 0]",33648,2628,0.0,1,40,0,320,0,0
2015-12-04 14:11:31,2015-12-04 14:11:31,146.164.69.165,146.164.69.174,tcp,"[0, 1, 0, 0, 1, 0]",2628,33648,0.0,1,20,0,160,0,0
2015-12-04 14:11:31,2015-12-04 14:11:31,146.164.69.165,8.8.8.8,icmp,[0],0,2048,0.0,1,64,0,512,0,0
2015-12-04 14:11:31,2015-12-04 14:11:31,8.8.8.8,146.164.69.165,icmp,[0],0,0,0.0,1,64,0,512,0,0
2015-12-04 14:11:32,2015-12-04 14:11:32,146.164.69.165,8.8.8.8,icmp,[0],0,2048,0.0,1,64,0,512,0,0
2015-12-04 14:11:32,2015-12-04 14:11:32,8.8.8.8,146.164.69.165,icmp,[0],0,0,0.0,1,64,0,512,0,0
2015-12-04 14:11:33,2015-12-04 14:11:33,146.164.69.165,8.8.8.8,icmp,[0],0,2048,0.0,1,64,0,512,0,0
2015-12-04 14:11:33,2015-12-04 14:11:33,8.8.8.8,146.164.69.165,icmp,[0],0,0,0.0,1,64,0,512,0,0
2015-12-04 14:11:33,2015-12-04 14:11:51,146.164.69.165,64233190139,udp,[0],39695,443,17479,4,1034,473,2068,0,0
2015-12-04 14:11:33,2015-12-04 14:11:51,64233190139,146.164.69.165,udp,[0],443,39695,17372,4,233,107,466,0,0
2015-12-04 14:11:34,2015-12-04 14:11:34,146.164.69.165,54.175.109.47,tcp,"[0, 1, 0, 0, 0, 0]",37918,443,0.0,1,32,0,256,0,0
2015-12-04 14:11:34,2015-12-04 14:11:34,146.164.69.165,8.8.8.8,icmp,[0],0,2048,0.0,1,64,0,512,0,0
2015-12-04 14:11:34,2015-12-04 14:11:34,8.8.8.8,146.164.69.165,icmp,[0],0,0,0.0,1,64,0,512,0,0
2015-12-04 14:11:34,2015-12-04 14:11:34,54.175.109.47,146.164.69.165,tcp,"[0, 1, 0, 0, 0, 0]",443,37918,0.0,1,32,0,256,0,0
2015-12-04 14:11:35,2015-12-04 14:11:35,146.164.69.165,8.8.8.8,icmp,[0],0,2048,0.0,1,64,0,512,0,0
2015-12-04 14:11:35,2015-12-04 14:11:35,8.8.8.8,146.164.69.165,icmp,[0],0,0,0.0,1,64,0,512,0,0
2015-12-04 14:11:36,2015-12-04 14:11:36,146.164.69.165,8.8.8.8,icmp,[0],0,2048,0.0,1,64,0,512,0,0
2015-12-04 14:11:36,2015-12-04 14:11:36,8.8.8.8,146.164.69.165,icmp,[0],0,0,0.0,1,64,0,512,0,0
2015-12-04 14:11:37,2015-12-04 14:11:37,146.164.69.165,8.8.8.8,icmp,[0],0,2048,0.0,1,64,0,512,0,0
2015-12-04 14:11:37,2015-12-04 14:11:37,8.8.8.8,146.164.69.165,icmp,[0],0,0,0.0,1,64,0,512,0,0
2015-12-04 14:11:38,2015-12-04 14:11:38,fe80::a2b3:ccff:fea2:7225,ff02::1:2,udp,[0],546,547,0.0,1,82,0,656,0,0
2015-12-04 14:11:38,2015-12-04 14:11:38,146.164.69.165,8.8.8.8,icmp,[0],0,2048,0.0,1,64,0,512,0,0
2015-12-04 14:11:38,2015-12-04 14:11:38,8.8.8.8,146.164.69.165,icmp,[0],0,0,0.0,1,64,0,512,0,0
2015-12-04 14:11:39,2015-12-04 14:11:39,146.164.69.174,146.164.69.165,tcp,"[0, 0, 1, 0, 0, 0]",33649,2628,0.0,1,40,0,320,0,0
2015-12-04 14:11:39,2015-12-04 14:11:39,146.164.69.165,146.164.69.174,tcp,"[0, 1, 0, 0, 1, 0]",2628,33649,0.0,1,20,0,160,0,0
2015-12-04 14:11:39,2015-12-04 14:11:39,146.164.69.165,8.8.8.8,icmp,[0],0,2048,0.0,1,64,0,512,0,0
2015-12-04 14:11:39,2015-12-04 14:11:39,8.8.8.8,146.164.69.165,icmp,[0],0,0,0.0,1,64,0,512,0,0
2015-12-04 14:11:40,2015-12-04 14:11:40,146.164.69.165,8.8.8.8,icmp,[0],0,2048,0.0,1,64,0,512,0,0
2015-12-04 14:11:40,2015-12-04 14:11:40,8.8.8.8,146.164.69.165,icmp,[0],0,0,0.0,1,64,0,512,0,0
2015-12-04 14:11:40,2015-12-04 14:11:40,146.164.69.234,255255255255,udp,[0],17500,17500,3,2,394,1050667,1576,667,0
2015-12-04 14:11:40,2015-12-04 14:11:40,146.164.69.234,146.164.69.255,udp,[0],17500,17500,0.0,1,197,0,1576,0,0
2015-12-04 14:11:41,2015-12-04 14:11:41,146.164.69.165,8.8.8.8,icmp,[0],0,2048,0.0,1,64,0,512,0,0
2015-12-04 14:11:41,2015-12-04 14:11:41,8.8.8.8,146.164.69.165,icmp,[0],0,0,0.0,1,64,0,512,0,0
2015-12-04 14:11:42,2015-12-04 14:11:42,146.164.69.165,52.91.109.227,tcp,"[0, 1, 0, 0, 0, 0]",35284,443,0.0,1,32,0,256,0,0
2015-12-04 14:11:42,2015-12-04 14:11:42,146.164.69.165,8.8.8.8,icmp,[0],0,2048,0.0,1,64,0,512,0,0
2015-12-04 14:11:42,2015-12-04 14:11:42,8.8.8.8,146.164.69.165,icmp,[0],0,0,0.0,1,64,0,512,0,0
2015-12-04 14:11:42,2015-12-04 14:11:42,52.91.109.227,146.164.69.165,tcp,"[0, 1, 0, 0, 0, 0]",443,35284,0.0,1,32,0,256,0,0
2015-12-04 14:11:43,2015-12-04 14:11:43,146.164.69.165,8.8.8.8,icmp,[0],0,2048,0.0,1,64,0,512,0,0
2015-12-04 14:11:43,2015-12-04 14:11:43,8.8.8.8,146.164.69.165,icmp,[0],0,0,0.0,1,64,0,512,0,0
2015-12-04 14:11:44,2015-12-04 14:11:44,146.164.69.165,8.8.8.8,icmp,[0],0,2048,0.0,1,64,0,512,0,0
2015-12-04 14:11:44,2015-12-04 14:11:44,8.8.8.8,146.164.69.165,icmp,[0],0,0,0.0,1,64,0,512,0,0
2015-12-04 14:11:45,2015-12-04 14:11:45,146.164.69.165,8.8.8.8,icmp,[0],0,2048,0.0,1,64,0,512,0,0
2015-12-04 14:11:45,2015-12-04 14:11:45,8.8.8.8,146.164.69.165,icmp,[0],0,0,0.0,1,64,0,512,0,0
2015-12-04 14:11:46,2015-12-04 14:11:46,146.164.69.165,8.8.8.8,icmp,[0],0,2048,0.0,1,64,0,512,0,0
2015-12-04 14:11:46,2015-12-04 14:11:46,8.8.8.8,146.164.69.165,icmp,[0],0,0,0.0,1,64,0,512,0,0
2015-12-04 14:11:47,2015-12-04 14:11:47,146.164.69.174,146.164.69.165,tcp,"[0, 0, 1, 0, 0, 0]",33650,2628,0.0,1,40,0,320,0,0
2015-12-04 14:11:47,2015-12-04 14:11:47,146.164.69.165,146.164.69.174,tcp,"[0, 1, 0, 0, 1, 0]",2628,33650,0.0,1,20,0,160,0,0
2015-12-04 14:11:47,2015-12-04 14:11:47,146.164.69.165,8.8.8.8,icmp,[0],0,2048,0.0,1,64,0,512,0,0
2015-12-04 14:11:47,2015-12-04 14:11:47,8.8.8.8,146.164.69.165,icmp,[0],0,0,0.0,1,64,0,512,0,0
2015-12-04 14:11:48,2015-12-04 14:11:49,146.164.69.172,255255255255,udp,[0],44111,137,1.5,3,174,928,464,2,0
2015-12-04 14:11:48,2015-12-04 14:11:48,146.164.69.165,8.8.8.8,icmp,[0],0,2048,0.0,1,64,0,512,0,0
2015-12-04 14:11:48,2015-12-04 14:11:48,8.8.8.8,146.164.69.165,icmp,[0],0,0,0.0,1,64,0,512,0,0
2015-12-04 14:11:49,2015-12-04 14:11:49,146.164.69.165,8.8.8.8,icmp,[0],0,2048,0.0,1,64,0,512,0,0
2015-12-04 14:11:49,2015-12-04 14:11:49,8.8.8.8,146.164.69.165,icmp,[0],0,0,0.0,1,64,0,512,0,0
2015-12-04 14:11:50,2015-12-04 14:11:50,146.164.69.165,8.8.8.8,icmp,[0],0,2048,0.0,1,64,0,512,0,0
2015-12-04 14:11:50,2015-12-04 14:11:50,8.8.8.8,146.164.69.165,icmp,[0],0,0,0.0,1,64,0,512,0,0
2015-12-04 14:11:51,2015-12-04 14:11:51,146.164.69.165,8.8.8.8,icmp,[0],0,2048,0.0,1,64,0,512,0,0
2015-12-04 14:11:51,2015-12-04 14:11:51,8.8.8.8,146.164.69.165,icmp,[0],0,0,0.0,1,64,0,512,0,0
2015-12-04 14:11:52,2015-12-04 14:11:52,146.164.69.165,8.8.8.8,icmp,[0],0,2048,0.0,1,64,0,512,0,0
2015-12-04 14:11:52,2015-12-04 14:11:52,8.8.8.8,146.164.69.165,icmp,[0],0,0,0.0,1,64,0,512,0,0
2015-12-02 18:09:02,2015-12-02 18:09:02,10.10.10.3,10.10.10.2,icmp,[0],0,0,0.0,1,8,0,64,0,1
2015-12-02 18:09:02,2015-12-02 18:09:02,10.10.10.3,10.10.10.2,icmp,[0],0,0,0.0,1,8,0,64,0,1
2015-12-02 18:09:02,2015-12-02 18:09:02,10.10.10.2,10.10.10.3,icmp,[0],0,2048,0.0,1,8,0,64,0,1
2015-12-02 18:09:02,2015-12-02 18:09:02,10.10.10.2,10.10.10.3,icmp,[0],0,2048,0.0,1,8,0,64,0,1
2015-12-02 18:09:02,2015-12-02 18:09:02,10.10.10.2,10.10.10.3,icmp,[0],0,2048,0.0,1,8,0,64,0,1
2015-12-02 18:09:02,2015-12-02 18:09:02,10.10.10.2,10.10.10.3,icmp,[0],0,2048,0.0,1,8,0,64,0,1
2015-12-02 18:09:02,2015-12-02 18:09:02,10.10.10.2,10.10.10.3,icmp,[0],0,2048,0.0,1,8,0,64,0,1
2015-12-02 18:09:02,2015-12-02 18:09:02,10.10.10.2,10.10.10.3,icmp,[0],0,2048,0.0,1,8,0,64,0,1
2015-12-02 18:09:02,2015-12-02 18:09:02,10.10.10.2,10.10.10.3,icmp,[0],0,2048,0.0,1,8,0,64,0,1
2015-12-02 18:09:02,2015-12-02 18:09:02,10.10.10.3,10.10.10.2,icmp,[0],0,0,0.0,1,8,0,64,0,1
2015-12-02 18:09:02,2015-12-02 18:09:02,10.10.10.3,10.10.10.2,icmp,[0],0,0,0.0,1,8,0,64,0,1
2015-12-02 18:09:02,2015-12-02 18:09:02,10.10.10.2,10.10.10.3,icmp,[0],0,2048,0.0,1,8,0,64,0,1
2015-12-02 18:09:02,2015-12-02 18:09:02,10.10.10.3,10.10.10.2,icmp,[0],0,0,0.0,1,8,0,64,0,1
2015-12-02 18:09:02,2015-12-02 18:09:02,10.10.10.3,10.10.10.2,icmp,[0],0,0,0.0,1,8,0,64,0,1
2015-12-02 18:09:02,2015-12-02 18:09:02,10.10.10.3,10.10.10.2,icmp,[0],0,0,0.0,1,8,0,64,0,1
2015-12-02 18:09:02,2015-12-02 18:09:02,10.10.10.2,10.10.10.3,icmp,[0],0,2048,0.0,1,8,0,64,0,1
2015-12-02 18:09:02,2015-12-02 18:09:02,10.10.10.3,10.10.10.2,icmp,[0],0,0,0.0,1,8,0,64,0,1
2015-12-02 18:09:02,2015-12-02 18:09:02,10.10.10.2,10.10.10.3,icmp,[0],0,2048,0.0,1,8,0,64,0,1
2015-12-02 18:09:02,2015-12-02 18:09:02,10.10.10.2,10.10.10.3,icmp,[0],0,2048,0.0,1,8,0,64,0,1
2015-12-02 18:09:02,2015-12-02 18:09:02,10.10.10.2,10.10.10.3,icmp,[0],0,2048,0.0,1,8,0,64,0,1
2015-12-02 18:09:02,2015-12-02 18:09:02,10.10.10.2,10.10.10.3,icmp,[0],0,2048,0.0,1,8,0,64,0,1
2015-12-02 18:09:02,2015-12-02 18:09:02,10.10.10.2,10.10.10.3,icmp,[0],0,2048,0.0,1,8,0,64,0,1
2015-12-02 18:09:02,2015-12-02 18:09:02,10.10.10.2,10.10.10.3,icmp,[0],0,2048,0.0,1,8,0,64,0,1
2015-12-02 18:09:02,2015-12-02 18:09:02,10.10.10.3,10.10.10.2,icmp,[0],0,0,0.0,1,8,0,64,0,1
2015-12-02 18:09:02,2015-12-02 18:09:02,10.10.10.3,10.10.10.2,icmp,[0],0,0,0.0,1,8,0,64,0,1
2015-12-02 18:09:02,2015-12-02 18:09:02,10.10.10.3,10.10.10.2,icmp,[0],0,0,0.0,1,8,0,64,0,1
2015-12-02 18:09:02,2015-12-02 18:09:02,10.10.10.3,10.10.10.2,icmp,[0],0,0,0.0,1,8,0,64,0,1
2015-12-02 18:09:02,2015-12-02 18:09:02,10.10.10.3,10.10.10.2,icmp,[0],0,0,0.0,1,8,0,64,0,1
2015-12-02 18:09:02,2015-12-02 18:09:02,10.10.10.3,10.10.10.2,icmp,[0],0,0,0.0,1,8,0,64,0,1
2015-12-02 18:09:02,2015-12-02 18:09:02,10.10.10.2,10.10.10.3,icmp,[0],0,2048,0.0,1,8,0,64,0,1
2015-12-02 18:09:02,2015-12-02 18:09:02,10.10.10.3,10.10.10.2,icmp,[0],0,0,0.0,1,8,0,64,0,1
2015-12-02 18:09:02,2015-12-02 18:09:02,10.10.10.2,10.10.10.3,icmp,[0],0,2048,0.0,1,8,0,64,0,1
2015-12-02 18:09:02,2015-12-02 18:09:02,10.10.10.2,10.10.10.3,icmp,[0],0,2048,0.0,1,8,0,64,0,1
2015-12-02 18:09:02,2015-12-02 18:09:02,10.10.10.2,10.10.10.3,icmp,[0],0,2048,0.0,1,8,0,64,0,1
2015-12-02 18:09:02,2015-12-02 18:09:02,10.10.10.3,10.10.10.2,icmp,[0],0,0,0.0,1,8,0,64,0,1
2015-12-02 18:09:02,2015-12-02 18:09:02,10.10.10.3,10.10.10.2,icmp,[0],0,0,0.0,1,8,0,64,0,1
2015-12-02 18:09:02,2015-12-02 18:09:02,10.10.10.2,10.10.10.3,icmp,[0],0,2048,0.0,1,8,0,64,0,1
2015-12-02 18:09:02,2015-12-02 18:09:02,10.10.10.2,10.10.10.3,icmp,[0],0,2048,0.0,1,8,0,64,0,1
2015-12-02 18:09:02,2015-12-02 18:09:02,10.10.10.3,10.10.10.2,icmp,[0],0,0,0.0,1,8,0,64,0,1
2015-12-02 18:09:02,2015-12-02 18:09:02,10.10.10.3,10.10.10.2,icmp,[0],0,0,0.0,1,8,0,64,0,1
2015-12-02 18:09:02,2015-12-02 18:09:02,10.10.10.3,10.10.10.2,icmp,[0],0,0,0.0,1,8,0,64,0,1
2015-12-02 18:09:02,2015-12-02 18:09:02,10.10.10.2,10.10.10.3,icmp,[0],0,2048,0.0,1,8,0,64,0,1
2015-12-02 18:09:02,2015-12-02 18:09:02,10.10.10.3,10.10.10.2,icmp,[0],0,0,0.0,1,8,0,64,0,1
2015-12-02 18:09:02,2015-12-02 18:09:02,10.10.10.2,10.10.10.3,icmp,[0],0,2048,0.0,1,8,0,64,0,1
2015-12-02 18:09:02,2015-12-02 18:09:02,10.10.10.3,10.10.10.2,icmp,[0],0,0,0.0,1,8,0,64,0,1
2015-12-02 18:09:02,2015-12-02 18:09:02,10.10.10.3,10.10.10.2,icmp,[0],0,0,0.0,1,8,0,64,0,1
2015-12-02 18:09:02,2015-12-02 18:09:02,10.10.10.3,10.10.10.2,icmp,[0],0,0,0.0,1,8,0,64,0,1
2015-12-02 18:09:02,2015-12-02 18:09:02,10.10.10.3,10.10.10.2,icmp,[0],0,0,0.0,1,8,0,64,0,1
2015-12-02 18:09:02,2015-12-02 18:09:02,10.10.10.3,10.10.10.2,icmp,[0],0,0,0.0,1,8,0,64,0,1
2015-12-02 18:09:02,2015-12-02 18:09:02,10.10.10.3,10.10.10.2,icmp,[0],0,0,0.0,1,8,0,64,0,1
2015-11-30 16:34:40,2015-11-30 16:34:59,10.10.10.3,10.10.10.3,tcp,"[0, 0, 1, 0, 0, 0]",3000,3000,19912,558787,11175740,4490052,160,28063,1
2015-11-30 16:35:00,2015-11-30 16:35:59,10.10.10.3,10.10.10.3,tcp,"[0, 0, 1, 0, 0, 0]",3000,3000,59949,1731112,34622240,4620226,160,28876,1
2015-11-30 16:36:00,2015-11-30 16:36:59,10.10.10.3,10.10.10.3,tcp,"[0, 0, 1, 0, 0, 0]",3000,3000,59933,1645415,32908300,4392678,160,27454,1
2015-11-30 16:37:00,2015-11-30 16:37:59,10.10.10.3,10.10.10.3,tcp,"[0, 0, 1, 0, 0, 0]",3000,3000,59943,1672121,33442420,4463229,160,27895,1
2015-11-30 16:38:00,2015-11-30 16:38:59,10.10.10.3,10.10.10.3,tcp,"[0, 0, 1, 0, 0, 0]",3000,3000,59939,1646441,32928820,4394978,160,27469,1
2015-11-30 16:39:00,2015-11-30 16:39:59,10.10.10.3,10.10.10.3,tcp,"[0, 0, 1, 0, 0, 0]",3000,3000,59947,1650375,33007500,4404891,160,27531,1
2015-11-30 16:40:00,2015-11-30 16:40:59,10.10.10.3,10.10.10.3,tcp,"[0, 0, 1, 0, 0, 0]",3000,3000,59955,1645501,32910020,4391296,160,27446,1
2015-11-30 16:41:00,2015-11-30 16:41:59,10.10.10.3,10.10.10.3,tcp,"[0, 0, 1, 0, 0, 0]",3000,3000,59984,1653001,33060020,4409178,160,27557,1
2015-11-30 16:42:00,2015-11-30 16:42:59,10.10.10.3,10.10.10.3,tcp,"[0, 0, 1, 0, 0, 0]",3000,3000,59927,1694118,33882360,4523151,160,28270,1
2015-11-30 16:43:00,2015-11-30 16:43:08,10.10.10.3,10.10.10.3,tcp,"[0, 0, 1, 0, 0, 0]",3000,3000,8151,221547,4430940,4348855,160,27180,1
2015-11-30 16:43:08,2015-11-30 16:43:59,10.10.10.3,10.10.10.3,tcp,"[0, 0, 1, 0, 0, 0]",3000,3000,51.83,1479708,29594160,4567881,160,28549,1
2015-11-30 16:44:00,2015-11-30 16:44:59,10.10.10.3,10.10.10.3,tcp,"[0, 0, 1, 0, 0, 0]",3000,3000,59.95,1732310,34646200,4623346,160,28896,1
2015-11-30 16:45:00,2015-11-30 16:45:59,10.10.10.3,10.10.10.3,tcp,"[0, 0, 1, 0, 0, 0]",3000,3000,59952,1656008,33120160,4419557,160,27622,1
2015-11-30 16:46:00,2015-11-30 16:46:59,10.10.10.3,10.10.10.3,tcp,"[0, 0, 1, 0, 0, 0]",3000,3000,59946,1792077,35841540,4783177,160,29895,1
2015-11-30 16:47:00,2015-11-30 16:47:59,10.10.10.3,10.10.10.3,tcp,"[0, 0, 1, 0, 0, 0]",3000,3000,59968,1809926,36198520,4829045,160,30182,1
2015-11-30 16:48:00,2015-11-30 16:48:59,10.10.10.3,10.10.10.3,tcp,"[0, 0, 1, 0, 0, 0]",3000,3000,59918,1672755,33455100,4466785,160,27917,1
2015-11-30 16:49:00,2015-11-30 16:49:59,10.10.10.3,10.10.10.3,tcp,"[0, 0, 1, 0, 0, 0]",3000,3000,59.99,1661430,33228600,4431219,160,27695,1
2015-11-30 16:50:00,2015-11-30 16:50:59,10.10.10.3,10.10.10.3,tcp,"[0, 0, 1, 0, 0, 0]",3000,3000,59961,1743949,34878980,4653555,160,29085,1
2015-11-30 16:51:00,2015-11-30 16:51:19,10.10.10.3,10.10.10.3,tcp,"[0, 0, 1, 0, 0, 0]",3000,3000,19105,570258,11405160,4775780,160,29849,1
2015-11-30 16:51:19,2015-11-30 16:51:59,10.10.10.3,10.10.10.3,tcp,"[0, 0, 1, 0, 0, 0]",3000,3000,40806,1152385,23047700,4518492,160,28241,1
2015-11-30 16:52:00,2015-11-30 16:52:59,10.10.10.3,10.10.10.3,tcp,"[0, 0, 1, 0, 0, 0]",3000,3000,59933,1703249,34064980,4547075,160,28419,1
2015-11-30 16:53:00,2015-11-30 16:53:59,10.10.10.3,10.10.10.3,tcp,"[0, 0, 1, 0, 0, 0]",3000,3000,59984,1748085,34961700,4662803,160,29143,1
2015-11-30 16:54:00,2015-11-30 16:54:59,10.10.10.3,10.10.10.3,tcp,"[0, 0, 1, 0, 0, 0]",3000,3000,59978,1785209,35704180,4762304,160,29764,1
2015-11-30 16:55:00,2015-11-30 16:55:59,10.10.10.3,10.10.10.3,tcp,"[0, 0, 1, 0, 0, 0]",3000,3000,59947,1702479,34049580,4543958,160,28400,1
2015-11-30 16:56:00,2015-11-30 16:56:59,10.10.10.3,10.10.10.3,tcp,"[0, 0, 1, 0, 0, 0]",3000,3000,59939,1642206,32844120,4383673,160,27398,1
2015-11-30 16:57:00,2015-11-30 16:57:59,10.10.10.3,10.10.10.3,tcp,"[0, 0, 1, 0, 0, 0]",3000,3000,59907,1763695,35273900,4710488,160,29441,1
2015-11-30 16:58:00,2015-11-30 16:58:59,10.10.10.3,10.10.10.3,tcp,"[0, 0, 1, 0, 0, 0]",3000,3000,59924,1653195,33063900,4414111,160,27588,1
2015-11-30 16:59:00,2015-11-30 16:59:33,10.10.10.3,10.10.10.3,tcp,"[0, 0, 1, 0, 0, 0]",3000,3000,33.12,967916,19358320,4675923,160,29225,1
2015-11-30 16:59:33,2015-11-30 16:59:59,10.10.10.3,10.10.10.3,tcp,"[0, 0, 1, 0, 0, 0]",3000,3000,26776,777369,15547380,4645169,160,29032,1
2015-11-30 17:00:00,2015-11-30 17:00:59,10.10.10.3,10.10.10.3,tcp,"[0, 0, 1, 0, 0, 0]",3000,3000,59966,1751309,35026180,4672805,160,29205,1
2015-11-30 17:01:00,2015-11-30 17:01:59,10.10.10.3,10.10.10.3,tcp,"[0, 0, 1, 0, 0, 0]",3000,3000,59977,1654420,33088400,4413479,160,27584,1
2015-11-30 17:02:00,2015-11-30 17:02:59,10.10.10.3,10.10.10.3,tcp,"[0, 0, 1, 0, 0, 0]",3000,3000,59946,1714207,34284140,4575336,160,28596,1
2015-11-30 17:03:00,2015-11-30 17:03:59,10.10.10.3,10.10.10.3,tcp,"[0, 0, 1, 0, 0, 0]",3000,3000,59962,1731962,34639240,4621492,160,28884,1
2015-11-30 17:04:00,2015-11-30 17:04:59,10.10.10.3,10.10.10.3,tcp,"[0, 0, 1, 0, 0, 0]",3000,3000,59977,1769318,35386360,4719991,160,29500,1
2015-11-30 17:05:00,2015-11-30 17:05:59,10.10.10.3,10.10.10.3,tcp,"[0, 0, 1, 0, 0, 0]",3000,3000,59948,1734989,34699780,4630651,160,28942,1
2015-11-30 17:06:00,2015-11-30 17:06:59,10.10.10.3,10.10.10.3,tcp,"[0, 0, 1, 0, 0, 0]",3000,3000,59939,1751626,35032520,4675756,160,29223,1
2015-11-30 17:07:00,2015-11-30 17:07:41,10.10.10.3,10.10.10.3,tcp,"[0, 0, 1, 0, 0, 0]",3000,3000,41284,1233219,24664380,4779455,160,29872,1
2015-11-30 17:07:41,2015-11-30 17:07:59,10.10.10.3,10.10.10.3,tcp,"[0, 0, 1, 0, 0, 0]",3000,3000,18688,482950,9659000,4134846,160,25843,1
2015-11-30 17:08:00,2015-11-30 17:08:59,10.10.10.3,10.10.10.3,tcp,"[0, 0, 1, 0, 0, 0]",3000,3000,59995,1736853,34737060,4631994,160,28950,1
2015-11-30 17:09:00,2015-11-30 17:09:59,10.10.10.3,10.10.10.3,tcp,"[0, 0, 1, 0, 0, 0]",3000,3000,59963,1702624,34052480,4543132,160,28395,1
2015-11-30 17:10:00,2015-11-30 17:10:59,10.10.10.3,10.10.10.3,tcp,"[0, 0, 1, 0, 0, 0]",3000,3000,59.98,1720776,34415520,4590266,160,28689,1
2015-11-30 17:11:00,2015-11-30 17:11:59,10.10.10.3,10.10.10.3,tcp,"[0, 0, 1, 0, 0, 0]",3000,3000,59953,1655666,33113320,4418571,160,27616,1
2015-11-30 17:12:00,2015-11-30 17:12:59,10.10.10.3,10.10.10.3,tcp,"[0, 0, 1, 0, 0, 0]",3000,3000,59975,1713566,34271320,4571414,160,28571,1
2015-11-30 17:13:00,2015-11-30 17:13:59,10.10.10.3,10.10.10.3,tcp,"[0, 0, 1, 0, 0, 0]",3000,3000,59959,1762224,35244480,4702477,160,29390,1
2015-11-30 17:14:00,2015-11-30 17:14:59,10.10.10.3,10.10.10.3,tcp,"[0, 0, 1, 0, 0, 0]",3000,3000,59.98,1637485,32749700,4368083,160,27301,1
2015-11-30 17:15:00,2015-11-30 17:15:59,10.10.10.3,10.10.10.3,tcp,"[0, 0, 1, 0, 0, 0]",3000,3000,59813,1706277,34125540,4564297,160,28527,1
2015-11-30 17:15:59,2015-11-30 17:15:59,10.10.10.3,10.10.10.3,tcp,"[0, 0, 1, 0, 0, 0]",3000,3000,129,6345,126900,7869767,160,49186,1
2015-11-30 17:16:00,2015-11-30 17:16:59,10.10.10.3,10.10.10.3,tcp,"[0, 0, 1, 0, 0, 0]",3000,3000,59967,1670169,33403380,4456235,160,27851,1
2015-11-30 17:17:00,2015-11-30 17:17:59,10.10.10.3,10.10.10.3,tcp,"[0, 0, 1, 0, 0, 0]",3000,3000,59938,1765674,35313480,4713334,160,29458,1
2015-11-30 17:18:00,2015-11-30 17:18:59,10.10.10.3,10.10.10.3,tcp,"[0, 0, 1, 0, 0, 0]",3000,3000,59963,1524232,30484640,4067127,160,25420,1
2015-12-01 23:00:47,2015-12-01 23:00:47,146.164.69.175,146.164.69.174,tcp,"[1, 0, 0, 1, 0, 1]",52534,10004,0.0,1,20,0,160,0,1
2015-12-01 23:00:47,2015-12-01 23:00:47,146.164.69.175,146.164.69.174,tcp,"[1, 0, 0, 1, 0, 1]",52534,2399,0.0,1,20,0,160,0,1
2015-12-01 23:00:47,2015-12-01 23:00:47,146.164.69.175,146.164.69.174,tcp,"[1, 0, 0, 1, 0, 1]",52534,100,0.0,1,20,0,160,0,1
2015-12-01 23:00:47,2015-12-01 23:00:47,146.164.69.174,146.164.69.175,tcp,"[0, 1, 0, 0, 1, 0]",3826,52534,0.0,1,20,0,160,0,1
2015-12-01 23:00:47,2015-12-01 23:00:47,146.164.69.175,146.164.69.174,tcp,"[1, 0, 0, 1, 0, 1]",52534,3221,0.0,1,20,0,160,0,1
2015-12-01 23:00:47,2015-12-01 23:00:47,146.164.69.175,146.164.69.174,tcp,"[1, 0, 0, 1, 0, 1]",52534,1076,0.0,1,20,0,160,0,1
2015-12-01 23:00:47,2015-12-01 23:00:47,146.164.69.175,146.164.69.174,tcp,"[1, 0, 0, 1, 0, 1]",52534,17877,0.0,1,20,0,160,0,1
2015-12-01 23:00:47,2015-12-01 23:00:47,146.164.69.174,146.164.69.175,tcp,"[0, 1, 0, 0, 1, 0]",4002,52534,0.0,1,20,0,160,0,1
2015-12-01 23:00:47,2015-12-01 23:00:47,146.164.69.174,146.164.69.175,tcp,"[0, 1, 0, 0, 1, 0]",9415,52534,0.0,1,20,0,160,0,1
2015-12-01 23:00:47,2015-12-01 23:00:47,146.164.69.174,146.164.69.175,tcp,"[0, 1, 0, 0, 1, 0]",10004,52534,0.0,1,20,0,160,0,1
2015-12-01 23:00:47,2015-12-01 23:00:47,146.164.69.175,146.164.69.174,tcp,"[1, 0, 0, 1, 0, 1]",52534,8085,0.0,1,20,0,160,0,1
2015-12-01 23:00:47,2015-12-01 23:00:47,146.164.69.174,146.164.69.175,tcp,"[0, 1, 0, 0, 1, 0]",1076,52534,0.0,1,20,0,160,0,1
2015-12-01 23:00:47,2015-12-01 23:00:47,146.164.69.175,146.164.69.174,tcp,"[1, 0, 0, 1, 0, 1]",52534,8099,0.0,1,20,0,160,0,1
2015-12-01 23:00:47,2015-12-01 23:00:47,146.164.69.175,146.164.69.174,tcp,"[1, 0, 0, 1, 0, 1]",52534,64623,0.0,1,20,0,160,0,1
2015-12-01 23:00:47,2015-12-01 23:00:47,146.164.69.175,146.164.69.174,tcp,"[1, 0, 0, 1, 0, 1]",52534,1805,0.0,1,20,0,160,0,1
2015-12-01 23:00:47,2015-12-01 23:00:47,146.164.69.174,146.164.69.175,tcp,"[0, 1, 0, 0, 1, 0]",8085,52534,0.0,1,20,0,160,0,1
2015-12-01 23:00:47,2015-12-01 23:00:47,146.164.69.174,146.164.69.175,tcp,"[0, 1, 0, 0, 1, 0]",1084,52534,0.0,1,20,0,160,0,1
2015-12-01 23:00:47,2015-12-01 23:00:47,146.164.69.175,146.164.69.174,tcp,"[1, 0, 0, 1, 0, 1]",52534,9207,0.0,1,20,0,160,0,1
2015-12-01 23:00:47,2015-12-01 23:00:47,146.164.69.174,146.164.69.175,tcp,"[0, 1, 0, 0, 1, 0]",35500,52534,0.0,1,20,0,160,0,1
2015-12-01 23:00:47,2015-12-01 23:00:47,146.164.69.174,146.164.69.175,tcp,"[0, 1, 0, 0, 1, 0]",8099,52534,0.0,1,20,0,160,0,1
2015-12-01 23:00:47,2015-12-01 23:00:47,146.164.69.174,146.164.69.175,tcp,"[0, 1, 0, 0, 1, 0]",212,52534,0.0,1,20,0,160,0,1
2015-12-01 23:00:47,2015-12-01 23:00:47,146.164.69.175,146.164.69.174,tcp,"[1, 0, 0, 1, 0, 1]",52534,9415,0.0,1,20,0,160,0,1
2015-12-01 23:00:47,2015-12-01 23:00:47,146.164.69.175,146.164.69.174,tcp,"[1, 0, 0, 1, 0, 1]",52534,35500,0.0,1,20,0,160,0,1
2015-12-01 23:00:47,2015-12-01 23:00:47,146.164.69.175,146.164.69.174,tcp,"[1, 0, 0, 1, 0, 1]",52534,212,0.0,1,20,0,160,0,1
2015-12-01 23:00:47,2015-12-01 23:00:47,146.164.69.174,146.164.69.175,tcp,"[0, 1, 0, 0, 1, 0]",1805,52534,0.0,1,20,0,160,0,1
2015-12-01 23:00:47,2015-12-01 23:00:47,146.164.69.174,146.164.69.175,tcp,"[0, 1, 0, 0, 1, 0]",5810,52534,0.0,1,20,0,160,0,1
2015-12-01 23:00:47,2015-12-01 23:00:47,146.164.69.175,146.164.69.174,tcp,"[1, 0, 0, 1, 0, 1]",52534,1501,0.0,1,20,0,160,0,1
2015-12-01 23:00:47,2015-12-01 23:00:47,146.164.69.174,146.164.69.175,tcp,"[0, 1, 0, 0, 1, 0]",100,52534,0.0,1,20,0,160,0,1
2015-12-01 23:00:47,2015-12-01 23:00:47,146.164.69.174,146.164.69.175,tcp,"[0, 1, 0, 0, 1, 0]",9207,52534,0.0,1,20,0,160,0,1
2015-12-01 23:00:47,2015-12-01 23:00:47,146.164.69.174,146.164.69.175,tcp,"[0, 1, 0, 0, 1, 0]",3221,52534,0.0,1,20,0,160,0,1
2015-12-01 23:00:47,2015-12-01 23:00:47,146.164.69.175,146.164.69.174,tcp,"[1, 0, 0, 1, 0, 1]",52534,3826,0.0,1,20,0,160,0,1
2015-12-01 23:00:47,2015-12-01 23:00:47,146.164.69.174,146.164.69.175,tcp,"[0, 1, 0, 0, 1, 0]",1501,52534,0.0,1,20,0,160,0,1
2015-12-01 23:00:47,2015-12-01 23:00:47,146.164.69.174,146.164.69.175,tcp,"[0, 1, 0, 0, 1, 0]",3800,52534,0.0,1,20,0,160,0,1
2015-12-01 23:00:47,2015-12-01 23:00:47,146.164.69.175,146.164.69.174,tcp,"[1, 0, 0, 1, 0, 1]",52534,4002,0.0,1,20,0,160,0,1
2015-12-01 23:00:47,2015-12-01 23:00:47,146.164.69.174,146.164.69.175,tcp,"[0, 1, 0, 0, 1, 0]",2399,52534,0.0,1,20,0,160,0,1
2015-12-01 23:00:47,2015-12-01 23:00:47,146.164.69.175,146.164.69.174,tcp,"[1, 0, 0, 1, 0, 1]",52534,1084,0.0,1,20,0,160,0,1
2015-12-01 23:00:47,2015-12-01 23:00:47,146.164.69.175,146.164.69.174,tcp,"[1, 0, 0, 1, 0, 1]",52534,9917,0.0,1,20,0,160,0,1
2015-12-01 23:00:47,2015-12-01 23:00:47,146.164.69.174,146.164.69.175,tcp,"[0, 1, 0, 0, 1, 0]",64623,52534,0.0,1,20,0,160,0,1
2015-12-01 23:00:47,2015-12-01 23:00:47,146.164.69.175,146.164.69.174,tcp,"[1, 0, 0, 1, 0, 1]",52534,5810,0.0,1,20,0,160,0,1
2015-12-01 23:00:47,2015-12-01 23:00:47,146.164.69.175,146.164.69.174,tcp,"[1, 0, 0, 1, 0, 1]",52534,9502,0.0,1,20,0,160,0,1
2015-12-01 23:00:47,2015-12-01 23:00:47,146.164.69.174,146.164.69.175,tcp,"[0, 1, 0, 0, 1, 0]",9917,52534,0.0,1,20,0,160,0,1
2015-12-01 23:00:47,2015-12-01 23:00:47,146.164.69.174,146.164.69.175,tcp,"[0, 1, 0, 0, 1, 0]",17877,52534,0.0,1,20,0,160,0,1
2015-12-01 23:00:47,2015-12-01 23:00:47,146.164.69.175,146.164.69.174,tcp,"[1, 0, 0, 1, 0, 1]",52534,3800,0.0,1,20,0,160,0,1
2015-12-01 23:00:47,2015-12-01 23:00:47,146.164.69.174,146.164.69.175,tcp,"[0, 1, 0, 0, 1, 0]",9502,52534,0.0,1,20,0,160,0,1
2015-12-01 23:00:47,2015-12-01 23:00:47,146.164.69.174,146.164.69.175,tcp,"[0, 1, 0, 0, 1, 0]",19101,52534,0.0,1,20,0,160,0,1
2015-12-01 23:00:47,2015-12-01 23:00:47,146.164.69.174,146.164.69.175,tcp,"[0, 1, 0, 0, 1, 0]",9040,52534,0.0,1,20,0,160,0,1
2015-12-01 23:00:47,2015-12-01 23:00:47,146.164.69.174,146.164.69.175,tcp,"[0, 1, 0, 0, 1, 0]",1090,52534,0.0,1,20,0,160,0,1
2015-12-01 23:00:47,2015-12-01 23:00:47,146.164.69.175,146.164.69.174,tcp,"[1, 0, 0, 1, 0, 1]",52534,8011,0.0,1,20,0,160,0,1
2015-12-01 23:00:47,2015-12-01 23:00:47,146.164.69.175,146.164.69.174,tcp,"[1, 0, 0, 1, 0, 1]",52534,8899,0.0,1,20,0,160,0,1
2015-12-01 23:00:47,2015-12-01 23:00:47,146.164.69.174,146.164.69.175,tcp,"[0, 1, 0, 0, 1, 0]",8011,52534,0.0,1,20,0,160,0,1
2015-11-30 18:21:02,2015-11-30 18:21:03,10.10.10.2,10.10.10.3,tcp,"[0, 0, 1, 0, 0, 0]",46469,3034,564,3,60,851,160,5,1
2015-11-30 18:21:02,2015-11-30 18:21:03,10.10.10.2,10.10.10.3,tcp,"[0, 0, 1, 0, 0, 0]",50689,2999,564,3,60,851,160,5,1
2015-11-30 18:21:02,2015-11-30 18:21:03,10.10.10.2,10.10.10.3,tcp,"[0, 0, 1, 0, 0, 0]",46526,2959,564,3,60,851,160,5,1
2015-11-30 18:21:02,2015-11-30 18:21:03,10.10.10.2,10.10.10.3,tcp,"[0, 0, 1, 0, 0, 0]",50590,2887,564,4,80,1135,160,7,1
2015-11-30 18:21:02,2015-11-30 18:21:03,10.10.10.2,10.10.10.3,tcp,"[0, 0, 1, 0, 0, 0]",1832,2910,564,4,80,1135,160,7,1
2015-11-30 18:21:02,2015-11-30 18:21:03,10.10.10.2,10.10.10.3,tcp,"[0, 0, 1, 0, 0, 0]",51081,3051,564,3,60,851,160,5,1
2015-11-30 18:21:02,2015-11-30 18:21:03,10.10.10.2,10.10.10.3,tcp,"[0, 0, 1, 0, 0, 0]",63047,3027,564,3,60,851,160,5,1
2015-11-30 18:21:02,2015-11-30 18:21:03,10.10.10.2,10.10.10.3,tcp,"[0, 0, 1, 0, 0, 0]",32166,3054,564,3,60,851,160,5,1
2015-11-30 18:21:02,2015-11-30 18:21:03,10.10.10.2,10.10.10.3,tcp,"[0, 0, 1, 0, 0, 0]",42317,2900,564,4,80,1135,160,7,1
2015-11-30 18:21:02,2015-11-30 18:21:03,10.10.10.2,10.10.10.3,tcp,"[0, 0, 1, 0, 0, 0]",40732,3030,564,3,60,851,160,5,1
2015-11-30 18:21:02,2015-11-30 18:21:03,10.10.10.2,10.10.10.3,tcp,"[0, 0, 1, 0, 0, 0]",2823,3060,564,3,60,851,160,5,1
2015-11-30 18:21:02,2015-11-30 18:21:03,10.10.10.2,10.10.10.3,tcp,"[0, 0, 1, 0, 0, 0]",35521,2957,564,3,60,851,160,5,1
2015-11-30 18:21:02,2015-11-30 18:21:03,10.10.10.2,10.10.10.3,tcp,"[0, 0, 1, 0, 0, 0]",58894,3052,564,3,60,851,160,5,1
2015-11-30 18:21:02,2015-11-30 18:21:03,10.10.10.2,10.10.10.3,tcp,"[0, 0, 1, 0, 0, 0]",19646,2942,564,4,80,1135,160,7,1
2015-11-30 18:21:02,2015-11-30 18:21:03,10.10.10.2,10.10.10.3,tcp,"[0, 0, 1, 0, 0, 0]",7204,2927,564,4,80,1135,160,7,1
2015-11-30 18:21:02,2015-11-30 18:21:03,10.10.10.2,10.10.10.3,tcp,"[0, 0, 1, 0, 0, 0]",4198,2923,564,4,80,1135,160,7,1
2015-11-30 18:21:02,2015-11-30 18:21:03,10.10.10.2,10.10.10.3,tcp,"[0, 0, 1, 0, 0, 0]",39710,3018,564,3,60,851,160,5,1
2015-11-30 18:21:02,2015-11-30 18:21:03,10.10.10.2,10.10.10.3,tcp,"[0, 0, 1, 0, 0, 0]",10376,2886,564,4,80,1135,160,7,1
2015-11-30 18:21:02,2015-11-30 18:21:03,10.10.10.2,10.10.10.3,tcp,"[0, 0, 1, 0, 0, 0]",13256,2983,564,3,60,851,160,5,1
2015-11-30 18:21:02,2015-11-30 18:21:03,10.10.10.2,10.10.10.3,tcp,"[0, 0, 1, 0, 0, 0]",43152,3026,564,3,60,851,160,5,1
2015-11-30 18:21:02,2015-11-30 18:21:03,10.10.10.2,10.10.10.3,tcp,"[0, 0, 1, 0, 0, 0]",61417,2903,564,4,80,1135,160,7,1
2015-11-30 18:21:02,2015-11-30 18:21:03,10.10.10.2,10.10.10.3,tcp,"[0, 0, 1, 0, 0, 0]",2853,2962,564,3,60,851,160,5,1
2015-11-30 18:21:02,2015-11-30 18:21:03,10.10.10.2,10.10.10.3,tcp,"[0, 0, 1, 0, 0, 0]",53511,3021,564,3,60,851,160,5,1
2015-11-30 18:21:02,2015-11-30 18:21:03,10.10.10.2,10.10.10.3,tcp,"[0, 0, 1, 0, 0, 0]",13913,3061,564,3,60,851,160,5,1
2015-11-30 18:21:02,2015-11-30 18:21:03,10.10.10.2,10.10.10.3,tcp,"[0, 0, 1, 0, 0, 0]",6050,2950,564,3,60,851,160,5,1
2015-11-30 18:21:02,2015-11-30 18:21:03,10.10.10.2,10.10.10.3,tcp,"[0, 0, 1, 0, 0, 0]",384,2879,564,4,80,1135,160,7,1
2015-11-30 18:21:02,2015-11-30 18:21:03,10.10.10.2,10.10.10.3,tcp,"[0, 0, 1, 0, 0, 0]",19981,3022,564,3,60,851,160,5,1
2015-11-30 18:21:02,2015-11-30 18:21:03,10.10.10.2,10.10.10.3,tcp,"[0, 0, 1, 0, 0, 0]",26136,3074,564,3,60,851,160,5,1
2015-11-30 18:21:02,2015-11-30 18:21:03,10.10.10.2,10.10.10.3,tcp,"[0, 0, 1, 0, 0, 0]",36303,2914,564,4,80,1135,160,7,1
2015-11-30 18:21:02,2015-11-30 18:21:03,10.10.10.2,10.10.10.3,tcp,"[0, 0, 1, 0, 0, 0]",33679,3064,564,3,60,851,160,5,1
2015-11-30 18:21:02,2015-11-30 18:21:03,10.10.10.2,10.10.10.3,tcp,"[0, 0, 1, 0, 0, 0]",7483,2895,564,4,80,1135,160,7,1
2015-11-30 18:21:02,2015-11-30 18:21:03,10.10.10.2,10.10.10.3,tcp,"[0, 0, 1, 0, 0, 0]",12596,2933,564,4,80,1135,160,7,1
2015-11-30 18:21:02,2015-11-30 18:21:03,10.10.10.2,10.10.10.3,tcp,"[0, 0, 1, 0, 0, 0]",41888,2872,564,4,80,1135,160,7,1
2015-11-30 18:21:02,2015-11-30 18:21:03,10.10.10.2,10.10.10.3,tcp,"[0, 0, 1, 0, 0, 0]",45281,3042,564,3,60,851,160,5,1
2015-11-30 18:21:02,2015-11-30 18:21:03,10.10.10.2,10.10.10.3,tcp,"[0, 0, 1, 0, 0, 0]",26923,2931,564,4,80,1135,160,7,1
2015-11-30 18:21:02,2015-11-30 18:21:03,10.10.10.2,10.10.10.3,tcp,"[0, 0, 1, 0, 0, 0]",19974,2956,564,3,60,851,160,5,1
2015-11-30 18:21:02,2015-11-30 18:21:03,10.10.10.2,10.10.10.3,tcp,"[0, 0, 1, 0, 0, 0]",7669,2970,564,3,60,851,160,5,1
2015-11-30 18:21:02,2015-11-30 18:21:03,10.10.10.2,10.10.10.3,tcp,"[0, 0, 1, 0, 0, 0]",13236,3032,564,3,60,851,160,5,1
2015-11-30 18:21:02,2015-11-30 18:21:03,10.10.10.2,10.10.10.3,tcp,"[0, 0, 1, 0, 0, 0]",16248,2939,564,4,80,1135,160,7,1
2015-11-30 18:21:02,2015-11-30 18:21:03,10.10.10.2,10.10.10.3,tcp,"[0, 0, 1, 0, 0, 0]",28721,2882,564,4,80,1135,160,7,1
2015-11-30 18:21:02,2015-11-30 18:21:03,10.10.10.2,10.10.10.3,tcp,"[0, 0, 1, 0, 0, 0]",59769,2951,564,3,60,851,160,5,1
2015-11-30 18:21:02,2015-11-30 18:21:03,10.10.10.2,10.10.10.3,tcp,"[0, 0, 1, 0, 0, 0]",39077,2979,564,3,60,851,160,5,1
2015-11-30 18:21:02,2015-11-30 18:21:03,10.10.10.2,10.10.10.3,tcp,"[0, 0, 1, 0, 0, 0]",64226,3031,564,3,60,851,160,5,1
2015-11-30 18:21:02,2015-11-30 18:21:03,10.10.10.2,10.10.10.3,tcp,"[0, 0, 1, 0, 0, 0]",52208,2945,564,4,80,1135,160,7,1
2015-11-30 18:21:02,2015-11-30 18:21:03,10.10.10.2,10.10.10.3,tcp,"[0, 0, 1, 0, 0, 0]",60029,2905,564,4,80,1135,160,7,1
2015-11-30 18:21:02,2015-11-30 18:21:03,10.10.10.2,10.10.10.3,tcp,"[0, 0, 1, 0, 0, 0]",28880,2876,564,4,80,1135,160,7,1
2015-11-30 18:21:02,2015-11-30 18:21:03,10.10.10.2,10.10.10.3,tcp,"[0, 0, 1, 0, 0, 0]",34766,2994,564,3,60,851,160,5,1
2015-11-30 18:21:02,2015-11-30 18:21:03,10.10.10.2,10.10.10.3,tcp,"[0, 0, 1, 0, 0, 0]",2841,2875,564,4,80,1135,160,7,1
2015-11-30 18:21:02,2015-11-30 18:21:03,10.10.10.2,10.10.10.3,tcp,"[0, 0, 1, 0, 0, 0]",43954,2893,564,4,80,1135,160,7,1
2015-11-30 18:21:02,2015-11-30 18:21:03,10.10.10.2,10.10.10.3,tcp,"[0, 0, 1, 0, 0, 0]",31785,2897,564,4,80,1135,160,7,1
2015-11-30 17:31:05,2015-11-30 17:31:05,10.10.10.3,146.164.69.165,icmp,[0],0,2048,0.0,1,136,0,1088,0,1
2015-11-30 17:31:05,2015-11-30 17:31:05,10.10.10.3,146.164.69.165,icmp,[0],0,2048,0.0,1,136,0,1088,0,1
2015-11-30 17:31:05,2015-11-30 17:31:05,10.10.10.3,146.164.69.165,icmp,[0],0,2048,0.0,1,136,0,1088,0,1
2015-11-30 17:31:05,2015-11-30 17:31:05,10.10.10.3,146.164.69.165,icmp,[0],0,2048,0.0,1,136,0,1088,0,1
2015-11-30 17:31:05,2015-11-30 17:31:05,10.10.10.3,146.164.69.165,icmp,[0],0,2048,0.0,1,136,0,1088,0,1
2015-11-30 17:31:05,2015-11-30 17:31:05,10.10.10.3,146.164.69.165,icmp,[0],0,2048,0.0,1,136,0,1088,0,1
2015-11-30 17:31:05,2015-11-30 17:31:05,10.10.10.3,146.164.69.165,icmp,[0],0,2048,0.0,1,136,0,1088,0,1
2015-11-30 17:31:05,2015-11-30 17:31:05,10.10.10.3,146.164.69.165,icmp,[0],0,2048,0.0,1,136,0,1088,0,1
2015-11-30 17:31:05,2015-11-30 17:31:05,10.10.10.3,146.164.69.165,icmp,[0],0,2048,0.0,1,136,0,1088,0,1
2015-11-30 17:31:05,2015-11-30 17:31:05,10.10.10.3,146.164.69.165,icmp,[0],0,2048,0.0,1,136,0,1088,0,1
2015-11-30 17:31:05,2015-11-30 17:31:05,10.10.10.3,146.164.69.165,icmp,[0],0,2048,0.0,1,136,0,1088,0,1
2015-11-30 17:31:05,2015-11-30 17:31:05,10.10.10.3,146.164.69.165,icmp,[0],0,2048,0.0,1,136,0,1088,0,1
2015-11-30 17:31:05,2015-11-30 17:31:05,10.10.10.3,146.164.69.165,icmp,[0],0,2048,0.0,1,136,0,1088,0,1
2015-11-30 17:31:05,2015-11-30 17:31:05,10.10.10.3,146.164.69.165,icmp,[0],0,2048,0.0,1,136,0,1088,0,1
2015-11-30 17:31:05,2015-11-30 17:31:05,10.10.10.3,146.164.69.165,icmp,[0],0,2048,0.0,1,136,0,1088,0,1
2015-11-30 17:31:05,2015-11-30 17:31:05,10.10.10.3,146.164.69.165,icmp,[0],0,2048,0.0,1,136,0,1088,0,1
2015-11-30 17:31:05,2015-11-30 17:31:05,10.10.10.3,146.164.69.165,icmp,[0],0,2048,0.0,1,136,0,1088,0,1
2015-11-30 17:31:05,2015-11-30 17:31:05,10.10.10.3,146.164.69.165,icmp,[0],0,2048,0.0,1,136,0,1088,0,1
2015-11-30 17:31:05,2015-11-30 17:31:05,10.10.10.3,146.164.69.165,icmp,[0],0,2048,0.0,1,136,0,1088,0,1
2015-11-30 17:31:05,2015-11-30 17:31:05,10.10.10.3,146.164.69.165,icmp,[0],0,2048,0.0,1,136,0,1088,0,1
2015-11-30 17:31:05,2015-11-30 17:31:05,10.10.10.3,146.164.69.165,icmp,[0],0,2048,0.0,1,136,0,1088,0,1
2015-11-30 17:31:05,2015-11-30 17:31:05,10.10.10.3,146.164.69.165,icmp,[0],0,2048,0.0,1,136,0,1088,0,1
2015-11-30 17:31:05,2015-11-30 17:31:05,10.10.10.3,146.164.69.165,icmp,[0],0,2048,0.0,1,136,0,1088,0,1
2015-11-30 17:31:05,2015-11-30 17:31:05,10.10.10.3,146.164.69.165,icmp,[0],0,2048,0.0,1,136,0,1088,0,1
2015-11-30 17:31:05,2015-11-30 17:31:05,10.10.10.3,146.164.69.165,icmp,[0],0,2048,0.0,1,136,0,1088,0,1
2015-11-30 17:31:05,2015-11-30 17:31:05,10.10.10.3,146.164.69.165,icmp,[0],0,2048,0.0,1,136,0,1088,0,1
2015-11-30 17:31:05,2015-11-30 17:31:05,10.10.10.3,146.164.69.165,icmp,[0],0,2048,0.0,1,136,0,1088,0,1
2015-11-30 17:31:05,2015-11-30 17:31:05,10.10.10.3,146.164.69.165,icmp,[0],0,2048,0.0,1,136,0,1088,0,1
2015-11-30 17:31:05,2015-11-30 17:31:05,10.10.10.3,146.164.69.165,icmp,[0],0,2048,0.0,1,136,0,1088,0,1
2015-11-30 17:31:05,2015-11-30 17:31:05,10.10.10.3,146.164.69.165,icmp,[0],0,2048,0.0,1,136,0,1088,0,1
2015-11-30 17:31:05,2015-11-30 17:31:05,10.10.10.3,146.164.69.165,icmp,[0],0,2048,0.0,1,136,0,1088,0,1
2015-11-30 17:31:05,2015-11-30 17:31:05,10.10.10.3,146.164.69.165,icmp,[0],0,2048,0.0,1,136,0,1088,0,1
2015-11-30 17:31:05,2015-11-30 17:31:05,10.10.10.3,146.164.69.165,icmp,[0],0,2048,0.0,1,136,0,1088,0,1
2015-11-30 17:31:05,2015-11-30 17:31:05,10.10.10.3,146.164.69.165,icmp,[0],0,2048,0.0,1,136,0,1088,0,1
2015-11-30 17:31:05,2015-11-30 17:31:05,10.10.10.3,146.164.69.165,icmp,[0],0,2048,0.0,1,136,0,1088,0,1
2015-11-30 17:31:05,2015-11-30 17:31:05,10.10.10.3,146.164.69.165,icmp,[0],0,2048,0.0,1,136,0,1088,0,1
2015-11-30 17:31:05,2015-11-30 17:31:05,10.10.10.3,146.164.69.165,icmp,[0],0,2048,0.0,1,136,0,1088,0,1
2015-11-30 17:31:05,2015-11-30 17:31:05,10.10.10.3,146.164.69.165,icmp,[0],0,2048,0.0,1,136,0,1088,0,1
2015-11-30 17:31:05,2015-11-30 17:31:05,10.10.10.3,146.164.69.165,icmp,[0],0,2048,0.0,1,136,0,1088,0,1
2015-11-30 17:31:05,2015-11-30 17:31:05,10.10.10.3,146.164.69.165,icmp,[0],0,2048,0.0,1,136,0,1088,0,1
2015-11-30 17:31:05,2015-11-30 17:31:05,10.10.10.3,146.164.69.165,icmp,[0],0,2048,0.0,1,136,0,1088,0,1
2015-11-30 17:31:05,2015-11-30 17:31:05,10.10.10.3,146.164.69.165,icmp,[0],0,2048,0.0,1,136,0,1088,0,1
2015-11-30 17:31:05,2015-11-30 17:31:05,10.10.10.3,146.164.69.165,icmp,[0],0,2048,0.0,1,136,0,1088,0,1
2015-11-30 17:31:05,2015-11-30 17:31:05,10.10.10.3,146.164.69.165,icmp,[0],0,2048,0.0,1,136,0,1088,0,1
2015-11-30 17:31:05,2015-11-30 17:31:05,10.10.10.3,146.164.69.165,icmp,[0],0,2048,0.0,1,136,0,1088,0,1
2015-11-30 17:31:05,2015-11-30 17:31:05,10.10.10.3,146.164.69.165,icmp,[0],0,2048,0.0,1,136,0,1088,0,1
2015-11-30 17:31:05,2015-11-30 17:31:05,10.10.10.3,146.164.69.165,icmp,[0],0,2048,0.0,1,136,0,1088,0,1
2015-11-30 17:31:05,2015-11-30 17:31:05,10.10.10.3,146.164.69.165,icmp,[0],0,2048,0.0,1,136,0,1088,0,1
2015-11-30 17:31:05,2015-11-30 17:31:05,10.10.10.3,146.164.69.165,icmp,[0],0,2048,0.0,1,136,0,1088,0,1
2015-11-30 17:31:05,2015-11-30 17:31:05,10.10.10.3,146.164.69.165,icmp,[0],0,2048,0.0,1,136,0,1088,0,1
2015-12-02 16:20:20,2015-12-02 16:20:20,228.226.152.83,10.10.10.3,tcp,"[0, 0, 1, 0, 0, 0]",7514,80,0.0,1,20,0,160,0,1
2015-12-02 16:20:20,2015-12-02 16:20:34,228.226.152.83,10.10.10.3,tcp,"[0, 0, 1, 0, 0, 0]",62808,80,13865,2,40,23,160,0,1
2015-12-02 16:20:20,2015-12-02 16:20:20,228.226.152.83,10.10.10.3,tcp,"[0, 0, 1, 0, 0, 0]",26653,80,0.0,1,20,0,160,0,1
2015-12-02 16:20:20,2015-12-02 16:20:20,228.226.152.83,10.10.10.3,tcp,"[0, 0, 1, 0, 0, 0]",16010,80,0.0,1,20,0,160,0,1
2015-12-02 16:20:20,2015-12-02 16:20:20,228.226.152.83,10.10.10.3,tcp,"[0, 0, 1, 0, 0, 0]",5960,80,0.0,1,20,0,160,0,1
2015-12-02 16:20:20,2015-12-02 16:20:20,228.226.152.83,10.10.10.3,tcp,"[0, 0, 1, 0, 0, 0]",5634,80,0.0,1,20,0,160,0,1
2015-12-02 16:20:20,2015-12-02 16:20:36,228.226.152.83,10.10.10.3,tcp,"[0, 0, 1, 0, 0, 0]",590,80,16219,3,60,30,160,0,1
2015-12-02 16:20:20,2015-12-02 16:20:36,228.226.152.83,10.10.10.3,tcp,"[0, 0, 1, 0, 0, 0]",9710,80,16399,2,40,20,160,0,1
2015-12-02 16:20:20,2015-12-02 16:20:45,228.226.152.83,10.10.10.3,tcp,"[0, 0, 1, 0, 0, 0]",64219,80,25159,3,60,19,160,0,1
2015-12-02 16:20:20,2015-12-02 16:20:52,228.226.152.83,10.10.10.3,tcp,"[0, 0, 1, 0, 0, 0]",28459,80,32413,3,60,15,160,0,1
2015-12-02 16:20:20,2015-12-02 16:20:42,228.226.152.83,10.10.10.3,tcp,"[0, 0, 1, 0, 0, 0]",58537,80,22181,2,40,14,160,0,1
2015-12-02 16:20:20,2015-12-02 16:20:20,228.226.152.83,10.10.10.3,tcp,"[0, 0, 1, 0, 0, 0]",51842,80,0.0,1,20,0,160,0,1
2015-12-02 16:20:20,2015-12-02 16:20:31,228.226.152.83,10.10.10.3,tcp,"[0, 0, 1, 0, 0, 0]",6682,80,11.28,2,40,28,160,0,1
2015-12-02 16:20:20,2015-12-02 16:20:41,228.226.152.83,10.10.10.3,tcp,"[0, 0, 1, 0, 0, 0]",36033,80,21.71,3,60,22,160,0,1
2015-12-02 16:20:20,2015-12-02 16:20:47,228.226.152.83,10.10.10.3,tcp,"[0, 0, 1, 0, 0, 0]",11996,80,27298,2,40,12,160,0,1
2015-12-02 16:20:20,2015-12-02 16:20:52,228.226.152.83,10.10.10.3,tcp,"[0, 0, 1, 0, 0, 0]",48756,80,31838,3,60,15,160,0,1
2015-12-02 16:20:20,2015-12-02 16:20:21,228.226.152.83,10.10.10.3,tcp,"[0, 0, 1, 0, 0, 0]",42891,80,1792,2,40,179,160,1,1
2015-12-02 16:20:20,2015-12-02 16:20:44,228.226.152.83,10.10.10.3,tcp,"[0, 0, 1, 0, 0, 0]",32283,80,23.96,3,60,20,160,0,1
2015-12-02 16:20:20,2015-12-02 16:20:20,228.226.152.83,10.10.10.3,tcp,"[0, 0, 1, 0, 0, 0]",29483,80,0.0,1,20,0,160,0,1
2015-12-02 16:20:20,2015-12-02 16:20:20,228.226.152.83,10.10.10.3,tcp,"[0, 0, 1, 0, 0, 0]",43790,80,0.0,1,20,0,160,0,1
2015-12-02 16:20:20,2015-12-02 16:20:39,228.226.152.83,10.10.10.3,tcp,"[0, 0, 1, 0, 0, 0]",13840,80,19107,3,60,25,160,0,1
2015-12-02 16:20:20,2015-12-02 16:20:40,228.226.152.83,10.10.10.3,tcp,"[0, 0, 1, 0, 0, 0]",1284,80,20593,2,40,16,160,0,1
2015-12-02 16:20:20,2015-12-02 16:20:42,228.226.152.83,10.10.10.3,tcp,"[0, 0, 1, 0, 0, 0]",33193,80,22569,2,40,14,160,0,1
2015-12-02 16:20:20,2015-12-02 16:20:50,228.226.152.83,10.10.10.3,tcp,"[0, 0, 1, 0, 0, 0]",51758,80,30435,2,40,11,160,0,1
2015-12-02 16:20:20,2015-12-02 16:20:20,228.226.152.83,10.10.10.3,tcp,"[0, 0, 1, 0, 0, 0]",25368,80,0.0,1,20,0,160,0,1
2015-12-02 16:20:20,2015-12-02 16:20:54,228.226.152.83,10.10.10.3,tcp,"[0, 0, 1, 0, 0, 0]",62338,80,34725,4,80,18,160,0,1
2015-12-02 16:20:20,2015-12-02 16:20:54,228.226.152.83,10.10.10.3,tcp,"[0, 0, 1, 0, 0, 0]",44167,80,34263,6,120,28,160,0,1
2015-12-02 16:20:20,2015-12-02 16:20:20,228.226.152.83,10.10.10.3,tcp,"[0, 0, 1, 0, 0, 0]",30076,80,0.0,1,20,0,160,0,1
2015-12-02 16:20:20,2015-12-02 16:20:20,228.226.152.83,10.10.10.3,tcp,"[0, 0, 1, 0, 0, 0]",60932,80,0.0,1,20,0,160,0,1
2015-12-02 16:20:20,2015-12-02 16:20:20,228.226.152.83,10.10.10.3,tcp,"[0, 0, 1, 0, 0, 0]",47488,80,0.0,1,20,0,160,0,1
2015-12-02 16:20:20,2015-12-02 16:20:20,228.226.152.83,10.10.10.3,tcp,"[0, 0, 1, 0, 0, 0]",30432,80,0.0,1,20,0,160,0,1
2015-12-02 16:20:20,2015-12-02 16:20:20,228.226.152.83,10.10.10.3,tcp,"[0, 0, 1, 0, 0, 0]",27445,80,0.0,1,20,0,160,0,1
2015-12-02 16:20:20,2015-12-02 16:20:32,228.226.152.83,10.10.10.3,tcp,"[0, 0, 1, 0, 0, 0]",49355,80,12633,2,40,25,160,0,1
2015-12-02 16:20:20,2015-12-02 16:20:52,228.226.152.83,10.10.10.3,tcp,"[0, 0, 1, 0, 0, 0]",38404,80,32229,2,40,10,160,0,1
2015-12-02 16:20:20,2015-12-02 16:20:23,228.226.152.83,10.10.10.3,tcp,"[0, 0, 1, 0, 0, 0]",28274,80,3527,2,40,91,160,1,1
2015-12-02 16:20:20,2015-12-02 16:20:20,228.226.152.83,10.10.10.3,tcp,"[0, 0, 1, 0, 0, 0]",59938,80,0.0,1,20,0,160,0,1
2015-12-02 16:20:20,2015-12-02 16:20:20,228.226.152.83,10.10.10.3,tcp,"[0, 0, 1, 0, 0, 0]",56430,80,0.0,1,20,0,160,0,1
2015-12-02 16:20:20,2015-12-02 16:20:20,228.226.152.83,10.10.10.3,tcp,"[0, 0, 1, 0, 0, 0]",24631,80,0.0,1,20,0,160,0,1
2015-12-02 16:20:20,2015-12-02 16:20:55,228.226.152.83,10.10.10.3,tcp,"[0, 0, 1, 0, 0, 0]",63991,80,34.96,2,40,9,160,0,1
2015-12-02 16:20:20,2015-12-02 16:20:43,228.226.152.83,10.10.10.3,tcp,"[0, 0, 1, 0, 0, 0]",9591,80,22976,3,60,21,160,0,1
2015-12-02 16:20:20,2015-12-02 16:20:20,228.226.152.83,10.10.10.3,tcp,"[0, 0, 1, 0, 0, 0]",48968,80,0.0,1,20,0,160,0,1
2015-12-02 16:20:20,2015-12-02 16:20:56,228.226.152.83,10.10.10.3,tcp,"[0, 0, 1, 0, 0, 0]",19064,80,35836,3,60,13,160,0,1
2015-12-02 16:20:20,2015-12-02 16:20:20,228.226.152.83,10.10.10.3,tcp,"[0, 0, 1, 0, 0, 0]",21003,80,0.0,1,20,0,160,0,1
2015-12-02 16:20:20,2015-12-02 16:20:50,228.226.152.83,10.10.10.3,tcp,"[0, 0, 1, 0, 0, 0]",13799,80,30564,3,60,16,160,0,1
2015-12-02 16:20:20,2015-12-02 16:20:20,228.226.152.83,10.10.10.3,tcp,"[0, 0, 1, 0, 0, 0]",31790,80,0.0,1,20,0,160,0,1
2015-12-02 16:20:20,2015-12-02 16:20:20,228.226.152.83,10.10.10.3,tcp,"[0, 0, 1, 0, 0, 0]",32986,80,0.0,1,20,0,160,0,1
2015-12-02 16:20:20,2015-12-02 16:20:44,228.226.152.83,10.10.10.3,tcp,"[0, 0, 1, 0, 0, 0]",1756,80,24357,5,100,33,160,0,1
2015-12-02 16:20:20,2015-12-02 16:20:37,228.226.152.83,10.10.10.3,tcp,"[0, 0, 1, 0, 0, 0]",23928,80,17147,2,40,19,160,0,1
2015-12-02 16:20:20,2015-12-02 16:20:20,228.226.152.83,10.10.10.3,tcp,"[0, 0, 1, 0, 0, 0]",6915,80,0.0,1,20,0,160,0,1
2015-12-02 16:20:20,2015-12-02 16:20:39,228.226.152.83,10.10.10.3,tcp,"[0, 0, 1, 0, 0, 0]",32028,80,19012,4,80,34,160,0,1
2015-11-30 20:04:52,2015-11-30 20:04:52,10.10.10.3,10.10.10.2,icmp,[0],0,2817,0.0,1,60,0,480,0,1
2015-11-30 20:05:23,2015-11-30 20:05:23,10.10.10.3,10.10.10.2,icmp,[0],0,2817,0.0,1,60,0,480,0,1
2015-11-30 20:05:53,2015-11-30 20:05:53,10.10.10.3,10.10.10.2,icmp,[0],0,2817,0.0,1,60,0,480,0,1
2015-11-30 20:06:23,2015-11-30 20:06:23,10.10.10.3,10.10.10.2,icmp,[0],0,2817,0.0,1,60,0,480,0,1
2015-11-30 20:06:53,2015-11-30 20:06:53,10.10.10.3,10.10.10.2,icmp,[0],0,2817,0.0,1,60,0,480,0,1
2015-11-30 20:07:23,2015-11-30 20:07:23,10.10.10.3,10.10.10.2,icmp,[0],0,2817,0.0,1,60,0,480,0,1
2015-11-30 20:07:53,2015-11-30 20:07:53,10.10.10.3,10.10.10.2,icmp,[0],0,2817,0.0,1,60,0,480,0,1
2015-11-30 20:08:23,2015-11-30 20:08:23,10.10.10.3,10.10.10.2,icmp,[0],0,2817,0.0,1,60,0,480,0,1
2015-11-30 20:08:53,2015-11-30 20:08:53,10.10.10.3,10.10.10.2,icmp,[0],0,2817,0.0,1,60,0,480,0,1
2015-11-30 20:09:23,2015-11-30 20:09:23,10.10.10.3,10.10.10.2,icmp,[0],0,2817,0.0,1,60,0,480,0,1
2015-11-30 20:09:53,2015-11-30 20:09:53,10.10.10.3,10.10.10.2,icmp,[0],0,2817,0.0,1,60,0,480,0,1
2015-11-30 20:10:23,2015-11-30 20:10:23,10.10.10.3,10.10.10.2,icmp,[0],0,2817,0.0,1,60,0,480,0,1
2015-11-30 20:10:53,2015-11-30 20:10:53,10.10.10.3,10.10.10.2,icmp,[0],0,2817,0.0,1,60,0,480,0,1
2015-11-30 20:11:24,2015-11-30 20:11:24,10.10.10.3,10.10.10.2,icmp,[0],0,2817,0.0,1,60,0,480,0,1
2015-11-30 20:11:54,2015-11-30 20:11:54,10.10.10.3,10.10.10.2,icmp,[0],0,2817,0.0,1,60,0,480,0,1
2015-11-30 20:12:24,2015-11-30 20:12:24,10.10.10.3,10.10.10.2,icmp,[0],0,2817,0.0,1,60,0,480,0,1
2015-11-30 20:12:54,2015-11-30 20:12:54,10.10.10.3,10.10.10.2,icmp,[0],0,2817,0.0,1,60,0,480,0,1
2015-11-30 20:13:24,2015-11-30 20:13:24,10.10.10.3,10.10.10.2,icmp,[0],0,2817,0.0,1,60,0,480,0,1
2015-11-30 20:13:54,2015-11-30 20:13:54,10.10.10.3,10.10.10.2,icmp,[0],0,2817,0.0,1,60,0,480,0,1
2015-11-30 20:14:24,2015-11-30 20:14:24,10.10.10.3,10.10.10.2,icmp,[0],0,2817,0.0,1,60,0,480,0,1
2015-11-30 20:14:54,2015-11-30 20:14:54,10.10.10.3,10.10.10.2,icmp,[0],0,2817,0.0,1,60,0,480,0,1
2015-11-30 20:15:24,2015-11-30 20:15:24,10.10.10.3,10.10.10.2,icmp,[0],0,2817,0.0,1,60,0,480,0,1
2015-11-30 20:15:54,2015-11-30 20:15:54,10.10.10.3,10.10.10.2,icmp,[0],0,2817,0.0,1,60,0,480,0,1
2015-11-30 20:16:24,2015-11-30 20:16:24,10.10.10.3,10.10.10.2,icmp,[0],0,2817,0.0,1,60,0,480,0,1
2015-11-30 20:16:54,2015-11-30 20:16:54,10.10.10.3,10.10.10.2,icmp,[0],0,2817,0.0,1,60,0,480,0,1
2015-11-30 20:17:24,2015-11-30 20:17:24,10.10.10.3,10.10.10.2,icmp,[0],0,2817,0.0,1,60,0,480,0,1
2015-11-30 20:17:55,2015-11-30 20:17:55,10.10.10.3,10.10.10.2,icmp,[0],0,2817,0.0,1,60,0,480,0,1
2015-11-30 20:18:25,2015-11-30 20:18:25,10.10.10.3,10.10.10.2,icmp,[0],0,2817,0.0,1,60,0,480,0,1
2015-11-30 20:18:55,2015-11-30 20:18:55,10.10.10.3,10.10.10.2,icmp,[0],0,2817,0.0,1,60,0,480,0,1
2015-11-30 20:19:25,2015-11-30 20:19:25,10.10.10.3,10.10.10.2,icmp,[0],0,2817,0.0,1,60,0,480,0,1
2015-11-30 20:19:55,2015-11-30 20:19:55,10.10.10.3,10.10.10.2,icmp,[0],0,2817,0.0,1,60,0,480,0,1
2015-11-30 20:20:25,2015-11-30 20:20:25,10.10.10.3,10.10.10.2,icmp,[0],0,2817,0.0,1,60,0,480,0,1
2015-11-30 20:20:55,2015-11-30 20:20:55,10.10.10.3,10.10.10.2,icmp,[0],0,2817,0.0,1,60,0,480,0,1
2015-11-30 20:21:25,2015-11-30 20:21:25,10.10.10.3,10.10.10.2,icmp,[0],0,2817,0.0,1,60,0,480,0,1
2015-11-30 20:21:55,2015-11-30 20:21:55,10.10.10.3,10.10.10.2,icmp,[0],0,2817,0.0,1,60,0,480,0,1
2015-11-30 20:22:25,2015-11-30 20:22:25,10.10.10.3,10.10.10.2,icmp,[0],0,2817,0.0,1,60,0,480,0,1
2015-11-30 20:22:55,2015-11-30 20:22:55,10.10.10.3,10.10.10.2,icmp,[0],0,2817,0.0,1,60,0,480,0,1
2015-11-30 20:23:25,2015-11-30 20:23:25,10.10.10.3,10.10.10.2,icmp,[0],0,2817,0.0,1,60,0,480,0,1
2015-11-30 20:23:56,2015-11-30 20:23:56,10.10.10.3,10.10.10.2,icmp,[0],0,2817,0.0,1,60,0,480,0,1
2015-11-30 20:24:26,2015-11-30 20:24:26,10.10.10.3,10.10.10.2,icmp,[0],0,2817,0.0,1,60,0,480,0,1
2015-11-30 20:24:56,2015-11-30 20:24:56,10.10.10.3,10.10.10.2,icmp,[0],0,2817,0.0,1,60,0,480,0,1
2015-11-30 20:25:26,2015-11-30 20:25:26,10.10.10.3,10.10.10.2,icmp,[0],0,2817,0.0,1,60,0,480,0,1
2015-11-30 20:25:56,2015-11-30 20:25:56,10.10.10.3,10.10.10.2,icmp,[0],0,2817,0.0,1,60,0,480,0,1
2015-11-30 20:26:26,2015-11-30 20:26:26,10.10.10.3,10.10.10.2,icmp,[0],0,2817,0.0,1,60,0,480,0,1
2015-11-30 20:26:56,2015-11-30 20:26:56,10.10.10.3,10.10.10.2,icmp,[0],0,2817,0.0,1,60,0,480,0,1
2015-11-30 20:27:26,2015-11-30 20:27:26,10.10.10.3,10.10.10.2,icmp,[0],0,2817,0.0,1,60,0,480,0,1
2015-11-30 20:27:33,2015-11-30 20:27:33,fe80::21c:c0ff:feb0:195b,ff02::fb,udp,[0],5353,5353,0.0,1,53,0,424,0,1
2015-11-30 20:27:48,2015-11-30 20:27:48,10.10.10.2,224.0.0.251,udp,[0],5353,5353,0.0,1,53,0,424,0,1
2015-11-30 20:27:56,2015-11-30 20:27:56,10.10.10.3,10.10.10.2,icmp,[0],0,2817,0.0,1,60,0,480,0,1
2015-11-30 20:28:26,2015-11-30 20:28:26,10.10.10.3,10.10.10.2,icmp,[0],0,2817,0.0,1,60,0,480,0,1
2015-12-07 11:03:38,2015-12-07 11:03:59,10.10.10.2,10.10.10.3,udp,[0],6582,0,21149,40,320,121,64,2,1
2015-12-07 11:03:38,2015-12-07 11:03:59,10.10.10.2,10.10.10.3,udp,[0],6590,0,21149,40,320,121,64,2,1
2015-12-07 11:03:38,2015-12-07 11:03:59,10.10.10.2,10.10.10.3,udp,[0],6581,0,21149,40,320,121,64,2,1
2015-12-07 11:03:38,2015-12-07 11:03:59,10.10.10.2,10.10.10.3,udp,[0],6588,0,21149,40,320,121,64,2,1
2015-12-07 11:03:38,2015-12-07 11:03:59,10.10.10.2,10.10.10.3,udp,[0],6587,0,21149,40,320,121,64,2,1
2015-12-07 11:03:38,2015-12-07 11:03:59,10.10.10.2,10.10.10.3,udp,[0],6585,0,21149,40,320,121,64,2,1
2015-12-07 11:03:38,2015-12-07 11:03:59,10.10.10.2,10.10.10.3,udp,[0],6584,0,21149,40,320,121,64,2,1
2015-12-07 11:03:38,2015-12-07 11:03:59,10.10.10.2,10.10.10.3,udp,[0],6580,0,21149,40,320,121,64,2,1
2015-12-07 11:03:38,2015-12-07 11:03:59,10.10.10.2,10.10.10.3,udp,[0],6579,0,21149,40,320,121,64,2,1
2015-12-07 11:03:38,2015-12-07 11:03:59,10.10.10.2,10.10.10.3,udp,[0],6586,0,21149,40,320,121,64,2,1
2015-12-07 11:03:38,2015-12-07 11:03:59,10.10.10.2,10.10.10.3,udp,[0],6583,0,21149,40,320,121,64,2,1
2015-12-07 11:03:38,2015-12-07 11:03:59,10.10.10.2,10.10.10.3,udp,[0],6589,0,21149,40,320,121,64,2,1
2015-12-07 11:03:38,2015-12-07 11:03:59,10.10.10.2,10.10.10.3,udp,[0],6701,0,21149,40,320,121,64,2,1
2015-12-07 11:03:38,2015-12-07 11:03:59,10.10.10.2,10.10.10.3,udp,[0],6645,0,21149,40,320,121,64,2,1
2015-12-07 11:03:38,2015-12-07 11:03:59,10.10.10.2,10.10.10.3,udp,[0],6679,0,21149,40,320,121,64,2,1
2015-12-07 11:03:38,2015-12-07 11:03:59,10.10.10.2,10.10.10.3,udp,[0],6649,0,21149,40,320,121,64,2,1
2015-12-07 11:03:38,2015-12-07 11:03:59,10.10.10.2,10.10.10.3,udp,[0],6591,0,21148,40,320,121,64,2,1
2015-12-07 11:03:38,2015-12-07 11:03:59,10.10.10.2,10.10.10.3,udp,[0],6672,0,21149,40,320,121,64,2,1
2015-12-07 11:03:38,2015-12-07 11:03:59,10.10.10.2,10.10.10.3,udp,[0],6663,0,21149,40,320,121,64,2,1
2015-12-07 11:03:38,2015-12-07 11:03:59,10.10.10.2,10.10.10.3,udp,[0],6659,0,21149,40,320,121,64,2,1
2015-12-07 11:03:38,2015-12-07 11:03:59,10.10.10.2,10.10.10.3,udp,[0],6666,0,21149,40,320,121,64,2,1
2015-12-07 11:03:38,2015-12-07 11:03:59,10.10.10.2,10.10.10.3,udp,[0],6699,0,21149,40,320,121,64,2,1
2015-12-07 11:03:38,2015-12-07 11:03:59,10.10.10.2,10.10.10.3,udp,[0],6678,0,21149,40,320,121,64,2,1
2015-12-07 11:03:38,2015-12-07 11:03:59,10.10.10.2,10.10.10.3,udp,[0],6676,0,21149,40,320,121,64,2,1
2015-12-07 11:03:38,2015-12-07 11:03:59,10.10.10.2,10.10.10.3,udp,[0],6713,0,21149,40,320,121,64,2,1
2015-12-07 11:03:38,2015-12-07 11:03:59,10.10.10.2,10.10.10.3,udp,[0],6669,0,21149,40,320,121,64,2,1
2015-12-07 11:03:38,2015-12-07 11:03:59,10.10.10.2,10.10.10.3,udp,[0],6685,0,21149,40,320,121,64,2,1
2015-12-07 11:03:38,2015-12-07 11:03:59,10.10.10.2,10.10.10.3,udp,[0],6684,0,21149,40,320,121,64,2,1
2015-12-07 11:03:38,2015-12-07 11:03:59,10.10.10.2,10.10.10.3,udp,[0],6625,0,21149,40,320,121,64,2,1
2015-12-07 11:03:38,2015-12-07 11:03:59,10.10.10.2,10.10.10.3,udp,[0],6674,0,21149,40,320,121,64,2,1
2015-12-07 11:03:38,2015-12-07 11:03:59,10.10.10.2,10.10.10.3,udp,[0],6716,0,21149,40,320,121,64,2,1
2015-12-07 11:03:38,2015-12-07 11:03:59,10.10.10.2,10.10.10.3,udp,[0],6640,0,21149,40,320,121,64,2,1
2015-12-07 11:03:38,2015-12-07 11:03:59,10.10.10.2,10.10.10.3,udp,[0],6697,0,21149,40,320,121,64,2,1
2015-12-07 11:03:38,2015-12-07 11:03:59,10.10.10.2,10.10.10.3,udp,[0],6630,0,21149,40,320,121,64,2,1
2015-12-07 11:03:38,2015-12-07 11:03:59,10.10.10.2,10.10.10.3,udp,[0],6704,0,21149,40,320,121,64,2,1
2015-12-07 11:03:38,2015-12-07 11:03:59,10.10.10.2,10.10.10.3,udp,[0],6641,0,21149,40,320,121,64,2,1
2015-12-07 11:03:38,2015-12-07 11:03:59,10.10.10.2,10.10.10.3,udp,[0],6610,0,21148,40,320,121,64,2,1
2015-12-07 11:03:38,2015-12-07 11:03:59,10.10.10.2,10.10.10.3,udp,[0],6642,0,21149,40,320,121,64,2,1
2015-12-07 11:03:38,2015-12-07 11:03:59,10.10.10.2,10.10.10.3,udp,[0],6617,0,21148,40,320,121,64,2,1
2015-12-07 11:03:38,2015-12-07 11:03:59,10.10.10.2,10.10.10.3,udp,[0],6714,0,21149,40,320,121,64,2,1
2015-12-07 11:03:38,2015-12-07 11:03:59,10.10.10.2,10.10.10.3,udp,[0],6612,0,21148,40,320,121,64,2,1
2015-12-07 11:03:38,2015-12-07 11:03:59,10.10.10.2,10.10.10.3,udp,[0],6604,0,21148,40,320,121,64,2,1
2015-12-07 11:03:38,2015-12-07 11:03:59,10.10.10.2,10.10.10.3,udp,[0],6698,0,21149,40,320,121,64,2,1
2015-12-07 11:03:38,2015-12-07 11:03:59,10.10.10.2,10.10.10.3,udp,[0],6647,0,21149,40,320,121,64,2,1
2015-12-07 11:03:38,2015-12-07 11:03:59,10.10.10.2,10.10.10.3,udp,[0],6628,0,21149,40,320,121,64,2,1
2015-12-07 11:03:38,2015-12-07 11:03:59,10.10.10.2,10.10.10.3,udp,[0],6598,0,21148,40,320,121,64,2,1
2015-12-07 11:03:38,2015-12-07 11:03:59,10.10.10.2,10.10.10.3,udp,[0],6594,0,21148,40,320,121,64,2,1
2015-12-07 11:03:38,2015-12-07 11:03:59,10.10.10.2,10.10.10.3,udp,[0],6712,0,21149,40,320,121,64,2,1
2015-12-07 11:03:38,2015-12-07 11:03:59,10.10.10.2,10.10.10.3,udp,[0],6615,0,21148,40,320,121,64,2,1
2015-12-07 11:03:38,2015-12-07 11:03:59,10.10.10.2,10.10.10.3,udp,[0],6621,0,21148,40,320,121,64,2,1
